c_estate,e_estate,pc_addr,pe_addr,scp_mktc,scp_mkte,min_opdate,max_opdate,blgcount,pc_dev,pe_dev,facilities_c,facilities_e,url
碧堤半島,BELLAGIO,青山公路33號,33 CASTLE PEAK ROAD,新界西,NW,2003,2006,8,會德豐/九龍倉,WHEELOCK/THE WHARF,室外泳池、兒童遊樂場 / 兒童遊戲室、健身室、按摩池、桑拿浴室、蒸氣浴室、乒乓球室、壁球場、網球場、籃球場、羽毛球場、桌球室、卡拉OK室、燒烤場、可養狗、高爾夫球練習場、電腦室、緩跑徑、宴會廳、美容中心、舞蹈室、健康舞室、電腦哥爾夫球練習室,Swimming Pool、Children Playground/Play Room、Gymnasium、Jacuzzi、Saunna Room、Steam Bath Room、Table Tennis、Squash Court、Tennis Court、Basketball Court、Badminton Court、Snooker Room、Karaoke Room、Barbecue Area、Pet Friendly、Golf Driving Range、Computer Room、Jogging Trail、Ball Room、Beauty Salon、Dance Studio、Aerobic Studio、Golf Simulator,http://hk.centadata.com/ptest.aspx?type=3&code=AAPPWPPEPB&ref=OpenData
青怡花園,TSING YI GARDEN,青綠街7-19號,7-19 TSING LUK STREET,新界西,NW,1986,1986,7,長江,CK HUTCHISON,室外泳池、遊樂場 / 遊戲室、網球場、羽毛球場、緩跑徑,Swimming Pool、Playground/Playroom、Tennis Court、Badminton Court、Jogging Trail,http://hk.centadata.com/ptest.aspx?type=2&code=ABGKGPWOPP&ref=OpenData
翠怡花園,GREENFIELD GARDEN,楓樹窩路1號,1 FUNG SHUE WO ROAD,新界西,NW,1989,1990,11,新鴻基/捷和,SUN HUNG KAI/CHIAP HUA,室外泳池、兒童嬉水池、兒童遊樂場 / 兒童遊戲室、健身室、桑拿浴室、乒乓球室、壁球場、網球場、閱讀室 / 溫習室、緩跑徑,Swimming Pool、Children's Pool、Children Playground/Play Room、Gymnasium、Saunna Room、Table Tennis、Squash Court、Tennis Court、Reading/Study Room、Jogging Trail,http://hk.centadata.com/ptest.aspx?type=3&code=ABPAGPWXPP&ref=OpenData
盈翠半島,TIERRA VERDE,青敬路33號,33 TSING KING ROAD,新界西,NW,1999,1999,12,港鐵/和記黃埔/中信泰富/長江,MTR/HUTCHISON WHAMPOA/CITIC PACIFIC/CK HUTCHISON,室外泳池、兒童嬉水池、兒童遊樂場 / 兒童遊戲室、健身室、日光浴場、桑拿浴室、乒乓球室、壁球場、網球場、桌球室、保齡球場、高爾夫球練習場,Swimming Pool、Children's Pool、Children Playground/Play Room、Gymnasium、Solarium、Saunna Room、Table Tennis、Squash Court、Tennis Court、Snooker Room、Bowling、Golf Driving Range,http://hk.centadata.com/ptest.aspx?type=3&code=ABPPGPWXPP&ref=OpenData
綠楊新村,LUK YEUNG SUN CHUEN,蕙荃路22-66號,22-66 WAI TSUEN ROAD,新界西,NW,1983,1984,17,置地/港鐵/怡和及其他,HONG KONG LAND/MTR/JARDINE & OTHER,遊樂場 / 遊戲室、網球場、籃球場,Playground/Playroom、Tennis Court、Basketball Court,http://hk.centadata.com/ptest.aspx?type=2&code=AEBKPPSJPK&ref=OpenData
麗城花園,BELVEDERE GARDEN,青山公路荃灣段530-590號,530-590 CASTLE PEAK ROAD TSUEN WAN,新界西,NW,1987,1991,19,長江,CK HUTCHISON,室外泳池、遊樂場 / 遊戲室、健身室、壁球場、網球場、籃球場、羽毛球場,Swimming Pool、Playground/Playroom、Gymnasium、Squash Court、Tennis Court、Basketball Court、Badminton Court,http://hk.centadata.com/ptest.aspx?type=3&code=AEESBPPSPA&ref=OpenData
海濱花園,RIVIERA GARDENS,怡樂街2-12號,2-12 YI LOK STREET,新界西,NW,1988,1989,20,新世界/德士古,NEW WORLD/TEXACO,室外泳池、遊樂場 / 遊戲室、健身室、壁球場、網球場、籃球場、羽毛球場、緩跑徑,Swimming Pool、Playground/Playroom、Gymnasium、Squash Court、Tennis Court、Basketball Court、Badminton Court、Jogging Trail,http://hk.centadata.com/ptest.aspx?type=2&code=AEWPPPSOPW&ref=OpenData
浪翠園,SEA CREST VILLA,青山公路青龍頭18號,18 CASTLE PEAK ROAD TSING LUNG TAU,新界西,NW,1992,1995,13,新鴻基,SUN HUNG KAI,室外泳池、兒童遊樂場 / 兒童遊戲室、健身室、桑拿浴室、乒乓球室、壁球場、網球場、桌球室、可養狗、宴會廳,Swimming Pool、Children Playground/Play Room、Gymnasium、Saunna Room、Table Tennis、Squash Court、Tennis Court、Snooker Room、Pet Friendly、Ball Room,http://hk.centadata.com/ptest.aspx?type=3&code=AKPPGPGHPP&ref=OpenData
牽晴間,DAWNING VIEWS,一鳴路23號,23 YAT MING ROAD,新界東,NE,1999,1999,12,恆基,HENDERSON,室外泳池、兒童遊樂場 / 兒童遊戲室、健身室、按摩池、日光浴場、桑拿浴室、蒸氣浴室、乒乓球室、壁球場、網球場、桌球室、可養狗、健康舞室、電腦哥爾夫球練習室,Swimming Pool、Children Playground/Play Room、Gymnasium、Jacuzzi、Solarium、Saunna Room、Steam Bath Room、Table Tennis、Squash Court、Tennis Court、Snooker Room、Pet Friendly、Aerobic Studio、Golf Simulator,http://hk.centadata.com/ptest.aspx?type=2&code=BDAAGPYXPA&ref=OpenData
YOHO TOWN,YOHO TOWN,元龍街8號,8 YUEN LUNG STREET,新界西,NW,2004,2010,16,新鴻基,SUN HUNG KAI,室外泳池、兒童嬉水池、兒童遊樂場 / 兒童遊戲室、健身室、按摩池、日光浴場、桑拿浴室、蒸氣浴室、乒乓球室、保齡球場、卡拉OK室、可養狗、音樂室、閱讀室 / 溫習室、宴會廳、健康舞室、柔道 / 瑜伽練習室,Swimming Pool、Children's Pool、Children Playground/Play Room、Gymnasium、Jacuzzi、Solarium、Saunna Room、Steam Bath Room、Table Tennis、Bowling、Karaoke Room、Pet Friendly、Music Room、Reading/Study Room、Ball Room、Aerobic Studio、Judo/Yoga Room,http://hk.centadata.com/ptest.aspx?type=3&code=BEPPWPPAPK&ref=OpenData
采葉庭,THE PARCVILLE,元朗舊墟路33號,33 YUEN LONG KAU HUI ROAD,新界西,NW,2002,2002,14,新鴻基/新世界,SUN HUNG KAI/NEW WORLD,室內泳池、室外泳池、兒童遊樂場 / 兒童遊戲室、健身室、按摩池、乒乓球室、羽毛球場、桌球室、可養狗、閱讀室 / 溫習室、電腦室、宴會廳、健康舞室,Indoor Swimming Pool、Swimming Pool、Children Playground/Play Room、Gymnasium、Jacuzzi、Table Tennis、Badminton Court、Snooker Room、Pet Friendly、Reading/Study Room、Computer Room、Ball Room、Aerobic Studio,http://hk.centadata.com/ptest.aspx?type=2&code=BEPPWPPEPK&ref=OpenData
蝶翠峰,SERENO VERDE,大棠路99號,99 TAI TONG ROAD,新界西,NW,2001,2002,16,新世界/恆基,NEW WORLD/HENDERSON,室外泳池、兒童嬉水池、兒童遊樂場 / 兒童遊戲室、健身室、按摩池、桑拿浴室、蒸氣浴室、乒乓球室、桌球室、卡拉OK室、燒烤場、可養狗、音樂室、閱讀室 / 溫習室、電腦室、宴會廳、太極圈、健康舞室,Swimming Pool、Children's Pool、Children Playground/Play Room、Gymnasium、Jacuzzi、Saunna Room、Steam Bath Room、Table Tennis、Snooker Room、Karaoke Room、Barbecue Area、Pet Friendly、Music Room、Reading/Study Room、Computer Room、Ball Room、Tai Chi Circle、Aerobic Studio,http://hk.centadata.com/ptest.aspx?type=3&code=BEPPWPPEPW&ref=OpenData
新屯門中心,SUN TUEN MUN CENTRE,龍門路55-65號,55-65 LUNG MUN ROAD,新界西,NW,1990,1990,10,新鴻基/港鐵,SUN HUNG KAI/MTR,室外泳池、遊樂場 / 遊戲室、健身室、乒乓球室、壁球場、網球場、羽毛球場、閱讀室 / 溫習室、更衣室,Swimming Pool、Playground/Playroom、Gymnasium、Table Tennis、Squash Court、Tennis Court、Badminton Court、Reading/Study Room、Changing Room,http://hk.centadata.com/ptest.aspx?type=2&code=BGSSBPAXPS&ref=OpenData
柏慧豪園,CENTRAL PARK TOWERS,天水圍,TIN SHUI WAI,新界西,NW,2007,2010,8,長江,CK HUTCHISON,室外泳池、兒童遊樂場 / 兒童遊戲室、按摩池、桑拿浴室、蒸氣浴室、桌球室、保齡球場、卡拉OK室、電影院、高爾夫球練習場、閱讀室 / 溫習室、太極圈、麻雀房、香薰水療,Swimming Pool、Children Playground/Play Room、Jacuzzi、Saunna Room、Steam Bath Room、Snooker Room、Bowling、Karaoke Room、Movie Theater、Golf Driving Range、Reading/Study Room、Tai Chi Circle、Marjong、Arome Spa,http://hk.centadata.com/ptest.aspx?type=3&code=BSPPWPPJPP&ref=OpenData
粉嶺中心,FANLING CENTRE,新運路33號,SAN WAN ROAD,新界東,NE,1990,1991,11,恆基,HENDERSON LAND,室外泳池、兒童遊樂場 / 兒童遊戲室、乒乓球室、網球場、平台花園、休憩雅座,Swimming Pool、Children Playground/Play Room、Table Tennis、Tennis Court、Terrence Garden、Open Lounge,http://hk.centadata.com/ptest.aspx?type=3&code=BYSPWPDOPA&ref=OpenData
海典灣,OCEAN VIEW,保泰銜1號,1 PO TAI STREET,新界東,NE,2003,2003,5,信和,SINO GROUP,室外泳池、兒童遊樂場 / 兒童遊戲室、按摩池、桑拿浴室、蒸氣浴室、乒乓球室、網球場、音樂室、電腦室、美容中心、健康舞室,Swimming Pool、Children Playground/Play Room、Jacuzzi、Saunna Room、Steam Bath Room、Table Tennis、Tennis Court、Music Room、Computer Room、Beauty Salon、Aerobic Studio,http://hk.centadata.com/ptest.aspx?type=2&code=DBPPWPPHPD&ref=OpenData
御龍山,THE PALAZZO,樂景街28號,28 LOK KING STREET,新界東,NE,2008,2008,10,信和,SINO GROUP,室內泳池、室外泳池、兒童嬉水池、兒童遊樂場 / 兒童遊戲室、健身室、桑拿浴室、蒸氣浴室、乒乓球室、網球場、保齡球場、卡拉OK室、電影院、音樂室、宴會廳、健康舞室、香薰水療,Indoor Swimming Pool、Swimming Pool、Children's Pool、Children Playground/Play Room、Gymnasium、Saunna Room、Steam Bath Room、Table Tennis、Tennis Court、Bowling、Karaoke Room、Movie Theater、Music Room、Ball Room、Aerobic Studio、Arome Spa,http://hk.centadata.com/ptest.aspx?type=2&code=DBPPWPPYPA&ref=OpenData
翠擁華庭,MONTE VISTA,沙安街9號,9 SHA ON STREET,新界東,NE,2000,2000,12,和記黃埔,HUTCHISON WHAMPOA,室內泳池、室外泳池、兒童遊樂場 / 兒童遊戲室、健身室、桑拿浴室、乒乓球室、壁球場、桌球室、保齡球場、電影院、高爾夫球練習場、宴會廳、健康舞室,Indoor Swimming Pool、Swimming Pool、Children Playground/Play Room、Gymnasium、Saunna Room、Table Tennis、Squash Court、Snooker Room、Bowling、Movie Theater、Golf Driving Range、Ball Room、Aerobic Studio,http://hk.centadata.com/ptest.aspx?type=2&code=DBPPWPPYPD&ref=OpenData
海柏花園,BAYSHORE TOWERS,西沙路608號,608 SAI SHA ROAD,新界東,NE,1994,1994,6,長江,CK HUTCHISON,室外泳池、兒童遊樂場 / 兒童遊戲室、園林花園,Swimming Pool、Children Playground/Play Room、Landscape Garden,http://hk.centadata.com/ptest.aspx?type=2&code=DFRRURJVRV&ref=OpenData
新寶城,LA CITE NOBLE,銀澳路1號,1 NGAN O ROAD,九龍,KL,1999,1999,6,恆基,HENDERSON,室外泳池、兒童遊樂場 / 兒童遊戲室、健身室、按摩池、日光浴場、桑拿浴室、蒸氣浴室、乒乓球室、壁球場、網球場、桌球室、卡拉OK室、燒烤場、高爾夫球練習場、音樂室、閱讀室 / 溫習室、圖書館、電腦室、健康舞室、電腦哥爾夫球練習室,Swimming Pool、Children Playground/Play Room、Gymnasium、Jacuzzi、Solarium、Saunna Room、Steam Bath Room、Table Tennis、Squash Court、Tennis Court、Snooker Room、Karaoke Room、Barbecue Area、Golf Driving Range、Music Room、Reading/Study Room、Library、Computer Room、Aerobic Studio、Golf Simulator,http://hk.centadata.com/ptest.aspx?type=2&code=DJODQRSJRQ&ref=OpenData
東港城,EAST POINT CITY,重華路8號,8 CHUNG WA ROAD,九龍,KL,1997,1997,7,新鴻基,SUN HUNG KAI,室外泳池、兒童嬉水池、兒童遊樂場 / 兒童遊戲室、健身室、桑拿浴室、壁球場、網球場、籃球場、羽毛球場、桌球室、閱讀室 / 溫習室、宴會廳、健康舞室,Swimming Pool、Children's Pool、Children Playground/Play Room、Gymnasium、Saunna Room、Squash Court、Tennis Court、Basketball Court、Badminton Court、Snooker Room、Reading/Study Room、Ball Room、Aerobic Studio,http://hk.centadata.com/ptest.aspx?type=2&code=DJRRQRSJRQ&ref=OpenData
愉景新城,DISCOVERY PARK,青山公路荃灣段398號,398 CASTLE PEAK ROAD TSUEN WAN,新界西,NW,1997,1998,12,新世界/香港興業,NEW WORLD/HKR INTERNATIONAL,室外泳池、兒童遊樂場 / 兒童遊戲室、健身室、桑拿浴室、蒸氣浴室、乒乓球室、壁球場、網球場、羽毛球場、電影院、高爾夫球練習場、閱讀室 / 溫習室、緩跑徑、宴會廳、舞蹈室、健康舞室,Swimming Pool、Children Playground/Play Room、Gymnasium、Saunna Room、Steam Bath Room、Table Tennis、Squash Court、Tennis Court、Badminton Court、Movie Theater、Golf Driving Range、Reading/Study Room、Jogging Trail、Ball Room、Dance Studio、Aerobic Studio,http://hk.centadata.com/ptest.aspx?type=3&code=DMHSZHHRHD&ref=OpenData
麗都花園,LIDO GARDEN,青山公路深井41-63號,41-63 CASTLE PEAK ROAD SHAM TSENG,新界西,NW,1989,1989,5,長江/熊谷組,CK HUTCHISON/KUMAGAI GUMI,室外泳池、健身室、按摩池、網球場、平台花園,Swimming Pool、Gymnasium、Jacuzzi、Tennis Court、Terrence Garden,http://hk.centadata.com/ptest.aspx?type=2&code=DZHHZHTYHH&ref=OpenData
華景山莊,WONDERLAND VILLAS,華景山路9號,9 WAH KING HILL ROAD,九龍,KL,1984,1987,22,新鴻基/恆基,SUN HUNG KAI/HENDERSON,室外泳池、兒童遊樂場 / 兒童遊戲室、遊樂場 / 遊戲室、健身室、桑拿浴室、乒乓球室、壁球場、網球場、桌球室、閱讀室 / 溫習室、迷你酒吧,Swimming Pool、Children Playground/Play Room、Playground/Playroom、Gymnasium、Saunna Room、Table Tennis、Squash Court、Tennis Court、Snooker Room、Reading/Study Room、Mnin Bar,http://hk.centadata.com/ptest.aspx?type=2&code=EBBKWPWEPD&ref=OpenData
畢架山一號,ONE BEACON HILL,畢架山1號,1 BEACON HILL ROAD,九龍,KL,2004,2004,16,長江,CK HUTCHISON,室內泳池、室外泳池、健身室、桑拿浴室、桌球室、電影院、音樂室、宴會廳,Indoor Swimming Pool、Swimming Pool、Gymnasium、Saunna Room、Snooker Room、Movie Theater、Music Room、Ball Room,http://hk.centadata.com/ptest.aspx?type=3&code=EDPPWPPJPS&ref=OpenData
君頤峰,PARC PALAIS,京士柏衛理道18號,18 KING'S PARK WYLIE ROAD,九龍,KL,2004,2004,8,新世界/信和/九龍倉/華人置業/萬泰,NEW WORLD/SINO GROUP/THE WHARF/CHINESE ESTATES/MANHATTAN GARMENTS,室內泳池、室外泳池、兒童遊樂場 / 兒童遊戲室、遊樂場 / 遊戲室、健身室、桑拿浴室、網球場、桌球室、閱讀室 / 溫習室、宴會廳、更衣室,Indoor Swimming Pool、Swimming Pool、Children Playground/Play Room、Playground/Playroom、Gymnasium、Saunna Room、Tennis Court、Snooker Room、Reading/Study Room、Ball Room、Changing Room,http://hk.centadata.com/ptest.aspx?type=2&code=EEPPWPPEPG&ref=OpenData
港灣豪庭,METRO HARBOUR VIEW,福利街8號,8 FUK LEE STREET,九龍,KL,2003,2003,10,恆基/香港小輪,HENDERSON/HONG KONG FERRY,室外泳池、兒童遊樂場 / 兒童遊戲室、健身室、桑拿浴室、蒸氣浴室、乒乓球室、壁球場、羽毛球場、桌球室、保齡球場、卡拉OK室、音樂室、閱讀室 / 溫習室、圖書館、宴會廳、舞蹈室、電腦哥爾夫球練習室,Swimming Pool、Children Playground/Play Room、Gymnasium、Saunna Room、Steam Bath Room、Table Tennis、Squash Court、Badminton Court、Snooker Room、Bowling、Karaoke Room、Music Room、Reading/Study Room、Library、Ball Room、Dance Studio、Golf Simulator,http://hk.centadata.com/ptest.aspx?type=3&code=EEPPWPPEPS&ref=OpenData
柏景灣,PARK AVENUE,海庭道18號,18 HOI TING ROAD,九龍,KL,2001,2001,9,信和/港鐵,SINO/MTR,室內泳池、室外泳池、兒童嬉水池、兒童遊樂場 / 兒童遊戲室、健身室、日光浴場、桑拿浴室、蒸氣浴室、乒乓球室、壁球場、網球場、籃球場、羽毛球場、桌球室、高爾夫球練習場、浴足池 / 健足按摩室、健康舞室,Indoor Swimming Pool、Swimming Pool、Children's Pool、Children Playground/Play Room、Gymnasium、Solarium、Saunna Room、Steam Bath Room、Table Tennis、Squash Court、Tennis Court、Basketball Court、Badminton Court、Snooker Room、Golf Driving Range、Foot Massage、Aerobic Studio,http://hk.centadata.com/ptest.aspx?type=3&code=EEPPWPPEPW&ref=OpenData
維港灣,ISLAND HARBOURVIEW,海輝道11號,11 HOI FAI ROAD,九龍,KL,2000,2000,9,信和置業/中銀香港/星展銀行/嘉里建設/港鐵,SINO GROUP/BOC/DBS/KERRY/MTR,室內泳池、室外泳池、兒童嬉水池、兒童遊樂場 / 兒童遊戲室、健身室、桑拿浴室、蒸氣浴室、乒乓球室、壁球場、網球場、羽毛球場、桌球室、高爾夫球練習場、健康舞室,Indoor Swimming Pool、Swimming Pool、Children's Pool、Children Playground/Play Room、Gymnasium、Saunna Room、Steam Bath Room、Table Tennis、Squash Court、Tennis Court、Badminton Court、Snooker Room、Golf Driving Range、Aerobic Studio,http://hk.centadata.com/ptest.aspx?type=2&code=EEPPWPPJPW&ref=OpenData
君匯港,HARBOUR GREEN,海暉道,HOI FAI ROAD,九龍,KL,2006,2006,5,新鴻基/香港鐵路,SUN HUNG KAI/MTR,室內泳池、室外泳池、兒童遊樂場 / 兒童遊戲室、遊樂場 / 遊戲室、健身室、按摩池、桑拿浴室、蒸氣浴室、乒乓球室、桌球室、卡拉OK室、音樂室、閱讀室 / 溫習室、宴會廳、美容中心、園林花園、空中花園、休憩雅座、多用途活動室,Indoor Swimming Pool、Swimming Pool、Children Playground/Play Room、Playground/Playroom、Gymnasium、Jacuzzi、Saunna Room、Steam Bath Room、Table Tennis、Snooker Room、Karaoke Room、Music Room、Reading/Study Room、Ball Room、Beauty Salon、Landscape Garden、Sky Garden、Open Lounge、Multi-purpose Room,http://hk.centadata.com/ptest.aspx?type=2&code=EEPPWPPYPW&ref=OpenData
泓景臺,BANYAN GARDEN,荔枝角道863號,863 LAI CHI KOK ROAD,九龍,KL,2003,2004,7,長江,CK HUTCHISON,室內泳池、室外泳池、兒童遊樂場 / 兒童遊戲室、健身室、按摩池、日光浴場、桑拿浴室、乒乓球室、壁球場、籃球場、桌球室、卡拉OK室、電影院、可養狗、音樂室、閱讀室 / 溫習室、圖書館、電腦室、緩跑徑、宴會廳、健康舞室,Indoor Swimming Pool、Swimming Pool、Children Playground/Play Room、Gymnasium、Jacuzzi、Solarium、Saunna Room、Table Tennis、Squash Court、Basketball Court、Snooker Room、Karaoke Room、Movie Theater、Pet Friendly、Music Room、Reading/Study Room、Library、Computer Room、Jogging Trail、Ball Room、Aerobic Studio,http://hk.centadata.com/ptest.aspx?type=3&code=EGPPWPPEPK&ref=OpenData
曼克頓山,MANHATTAN HILL,寶輪街1號,1 PO LUN STREET,九龍,KL,2006,2006,5,新鴻基,SUN HUNG KAI,室內泳池、室外泳池、兒童遊樂場 / 兒童遊戲室、健身室、蒸氣浴室、乒乓球室、桌球室、電影院、音樂室、宴會廳、美容中心、柔道 / 瑜伽練習室,Indoor Swimming Pool、Swimming Pool、Children Playground/Play Room、Gymnasium、Steam Bath Room、Table Tennis、Snooker Room、Movie Theater、Music Room、Ball Room、Beauty Salon、Judo/Yoga Room,http://hk.centadata.com/ptest.aspx?type=2&code=EGPPWPPEPP&ref=OpenData
昇悅居,LIBERTE,荔枝角道833號,833 LAI CHI KOK ROAD,九龍,KL,2003,2003,7,新鴻基/信德,SUN HUNG KAI/SHUN TAK,室內泳池、室外泳池、健身室、按摩池、桑拿浴室、蒸氣浴室、乒乓球室、網球場、桌球室、保齡球場、電影院、燒烤場、高爾夫球練習場、圖書館、浴足池 / 健足按摩室、緩跑徑、宴會廳、美容中心、舞蹈室,Indoor Swimming Pool、Swimming Pool、Gymnasium、Jacuzzi、Saunna Room、Steam Bath Room、Table Tennis、Tennis Court、Snooker Room、Bowling、Movie Theater、Barbecue Area、Golf Driving Range、Library、Foot Massage、Jogging Trail、Ball Room、Beauty Salon、Dance Studio,http://hk.centadata.com/ptest.aspx?type=2&code=EGPPWPPJPK&ref=OpenData
黃埔新村,WHAMPOA ESTATE,民泰街39號,39 MAN TAI STREET,九龍,KL,1976,1978,25,成都物業,成都物業,,,http://hk.centadata.com/ptest.aspx?type=2&code=EKGBPPBSPB&ref=OpenData
傲雲峰,SKY TOWER,宋皇臺道38號,38 SUNG WONG TOI ROAD,九龍,KL,2004,2004,6,新世界/長江/上海實業,NEW WORLD/CK HUTCHISON/SHANGHAI IND INV,室外泳池、兒童嬉水池、兒童遊樂場 / 兒童遊戲室、遊樂場 / 遊戲室、健身室、按摩池、日光浴場、桑拿浴室、蒸氣浴室、乒乓球室、壁球場、籃球場、羽毛球場、桌球室、卡拉OK室、電影院、音樂室、閱讀室 / 溫習室、電腦室、健康舞室、麻雀房、平台花園,Swimming Pool、Children's Pool、Children Playground/Play Room、Playground/Playroom、Gymnasium、Jacuzzi、Solarium、Saunna Room、Steam Bath Room、Table Tennis、Squash Court、Basketball Court、Badminton Court、Snooker Room、Karaoke Room、Movie Theater、Music Room、Reading/Study Room、Computer Room、Aerobic Studio、Marjong、Terrence Garden,http://hk.centadata.com/ptest.aspx?type=2&code=EKPPWPPEPE&ref=OpenData
海逸豪園,LAGUNA VERDE,海逸道8號,8 LARUNA VERDE AVENUE,九龍,KL,2000,2001,25,長江/中電,CK HUTCHISON/CLP,室外泳池、兒童嬉水池、兒童遊樂場 / 兒童遊戲室、健身室、按摩池、桑拿浴室、蒸氣浴室、乒乓球室、壁球場、網球場、籃球場、桌球室、卡拉OK室、高爾夫球練習場、音樂室、閱讀室 / 溫習室、圖書館、電腦室、舞蹈室,Swimming Pool、Children's Pool、Children Playground/Play Room、Gymnasium、Jacuzzi、Saunna Room、Steam Bath Room、Table Tennis、Squash Court、Tennis Court、Basketball Court、Snooker Room、Karaoke Room、Golf Driving Range、Music Room、Reading/Study Room、Library、Computer Room、Dance Studio,http://hk.centadata.com/ptest.aspx?type=3&code=EKPPWPPEPK&ref=OpenData
翔龍灣,GRAND WATERFRONT,新碼頭街38號,38 SAN MA TAU STREET,九龍,KL,2006,2006,5,恆基/中華煤氣,HENDERSON/TOWN GAS,室外泳池、兒童嬉水池、健身室、按摩池、日光浴場、桑拿浴室、蒸氣浴室、桌球室、保齡球場、卡拉OK室、電影院、燒烤場、高爾夫球練習場、音樂室、電腦室、浴足池 / 健足按摩室、宴會廳、太極圈、健康舞室、香薰水療,Swimming Pool、Children's Pool、Gymnasium、Jacuzzi、Solarium、Saunna Room、Steam Bath Room、Snooker Room、Bowling、Karaoke Room、Movie Theater、Barbecue Area、Golf Driving Range、Music Room、Computer Room、Foot Massage、Ball Room、Tai Chi Circle、Aerobic Studio、Arome Spa,http://hk.centadata.com/ptest.aspx?type=2&code=EKPPWPPYPE&ref=OpenData
擎天半島,SORRENTO,柯士甸道西1號,1 AUSTIN ROAD WEST,九龍,KL,2002,2003,5,會德豐/九倉/港鐵,WHEELOCK/THE WHARF/MTR,室外泳池、兒童嬉水池、兒童遊樂場 / 兒童遊戲室、健身室、按摩池、桑拿浴室、蒸氣浴室、乒乓球室、壁球場、網球場、籃球場、羽毛球場、桌球室、圖書館、宴會廳、太極圈、美容中心、健康舞室,Swimming Pool、Children's Pool、Children Playground/Play Room、Gymnasium、Jacuzzi、Saunna Room、Steam Bath Room、Table Tennis、Squash Court、Tennis Court、Basketball Court、Badminton Court、Snooker Room、Library、Ball Room、Tai Chi Circle、Beauty Salon、Aerobic Studio,http://hk.centadata.com/ptest.aspx?type=3&code=ESPPWPPEPD&ref=OpenData
港景峰,THE VICTORIA TOWERS,廣東道188號,188 CANTON ROAD,九龍,KL,2002,2002,3,長江/和記黃埔/中信,CK HUTCHISON/HUTCHISON WHAMPOA /CITIC,健身室、按摩池、桑拿浴室、蒸氣浴室、電影院、電腦室、美容中心、舞蹈室,Gymnasium、Jacuzzi、Saunna Room、Steam Bath Room、Movie Theater、Computer Room、Beauty Salon、Dance Studio,http://hk.centadata.com/ptest.aspx?type=2&code=ESPPWPPEPS&ref=OpenData
凱旋門,THE ARCH, 柯士甸道西1號,1 AUSTIN ROAD WEST,九龍,KL,2005,2005,4,新鴻基/港鐵,SUN HUNG KAI/MTR,室內泳池、兒童遊樂場 / 兒童遊戲室、健身室、按摩池、日光浴場、桑拿浴室、蒸氣浴室、乒乓球室、桌球室、閱讀室 / 溫習室、圖書館,Indoor Swimming Pool、Children Playground/Play Room、Gymnasium、Jacuzzi、Solarium、Saunna Room、Steam Bath Room、Table Tennis、Snooker Room、Reading/Study Room、Library,http://hk.centadata.com/ptest.aspx?type=2&code=ESPPWPPHPD&ref=OpenData
漾日居,THE WATERFRONT,柯士甸道西1號,1 AUSTIN ROAD WEST,九龍,KL,2000,2000,6,永泰/港鐵及其他,WING TAI/MTR & OTHERS,室外泳池、兒童遊樂場 / 兒童遊戲室、健身室、桑拿浴室、蒸氣浴室、乒乓球室、壁球場、網球場、羽毛球場、桌球室、高爾夫球練習場,Swimming Pool、Children Playground/Play Room、Gymnasium、Saunna Room、Steam Bath Room、Table Tennis、Squash Court、Tennis Court、Badminton Court、Snooker Room、Golf Driving Range,http://hk.centadata.com/ptest.aspx?type=3&code=ESPPWPPJPS&ref=OpenData
麗港城,LAGUNA CITY,麗港街1號,1 LAGUNA STREET,九龍,KL,1990,1994,38,長江/蜆殼石油/和記黃埔,CK HUTCHISON/SHELL/HUTCHISON WHAMPOA,室外泳池、蒸氣浴室、壁球場、網球場、籃球場、羽毛球場、桌球室、卡拉OK室、閱讀室 / 溫習室、緩跑徑、健康舞室,Swimming Pool、Steam Bath Room、Squash Court、Tennis Court、Basketball Court、Badminton Court、Snooker Room、Karaoke Room、Reading/Study Room、Jogging Trail、Aerobic Studio,http://hk.centadata.com/ptest.aspx?type=3&code=EWAPBPKEPP&ref=OpenData
匯景花園,SCENEWAY GARDEN,匯景道8號,8 SCENEWAY ROAD,九龍,KL,1991,1992,17,長江,CK HUTCHISON,室外泳池、兒童嬉水池、兒童遊樂場 / 兒童遊戲室、健身室、桑拿浴室、蒸氣浴室、乒乓球室、壁球場、網球場、籃球場、羽毛球場、桌球室、音樂室、閱讀室 / 溫習室、電腦室、緩跑徑、舞蹈室、平台花園,Swimming Pool、Children's Pool、Children Playground/Play Room、Gymnasium、Saunna Room、Steam Bath Room、Table Tennis、Squash Court、Tennis Court、Basketball Court、Badminton Court、Snooker Room、Music Room、Reading/Study Room、Computer Room、Jogging Trail、Dance Studio、Terrence Garden,http://hk.centadata.com/ptest.aspx?type=2&code=EWGYWPWXPD&ref=OpenData
淘大花園,AMOY GARDENS,牛頭角道77號,77 NGAU TAU KOK ROAD,九龍,KL,1981,1987,19,恆隆,HANG LUNG,室外泳池、兒童遊樂場 / 兒童遊戲室、網球場、桌球室、保齡球場、燒烤場、音樂室,Swimming Pool、Children Playground/Play Room、Tennis Court、Snooker Room、Bowling、Barbecue Area、Music Room,http://hk.centadata.com/ptest.aspx?type=3&code=EWKSBPYOPS&ref=OpenData
譽‧港灣,THE LATITUDE,太子道東638號,638 PRINCE EDWARD ROAD EAST,九龍,KL,2010,2010,7,新鴻基,SUN HUNG KAI,室內泳池、室外泳池、兒童遊樂場 / 兒童遊戲室、健身室、按摩池、桌球室、保齡球場、卡拉OK室、電影院、燒烤場、音樂室、宴會廳,Indoor Swimming Pool、Swimming Pool、Children Playground/Play Room、Gymnasium、Jacuzzi、Snooker Room、Bowling、Karaoke Room、Movie Theater、Barbecue Area、Music Room、Ball Room,http://hk.centadata.com/ptest.aspx?type=2&code=EYPPWWPEWK&ref=OpenData
御皇庭,ROYAL GREEN,清曉路18號,18 CHING HIU ROAD,新界東,NE,2006,2006,3,恆基兆業/爪哇,HENDERSON/SEA GROUP,室外泳池、健身室、桑拿浴室、乒乓球室、卡拉OK室、電影院、可養狗、音樂室、圖書館、宴會廳、美容中心,Swimming Pool、Gymnasium、Saunna Room、Table Tennis、Karaoke Room、Movie Theater、Pet Friendly、Music Room、Library、Ball Room、Beauty Salon,http://hk.centadata.com/ptest.aspx?type=2&code=GEPPWPPEPD&ref=OpenData
皇府山,NOBLE HILL,馬適路38號,38 MA SIK ROAD,新界東,NE,2006,2006,7,新鴻基,SUN HUNG KAI,室內泳池、兒童嬉水池、兒童遊樂場 / 兒童遊戲室、健身室、按摩池、蒸氣浴室、籃球場、桌球室、可養狗、圖書館、宴會廳,Indoor Swimming Pool、Children's Pool、Children Playground/Play Room、Gymnasium、Jacuzzi、Steam Bath Room、Basketball Court、Snooker Room、Pet Friendly、Library、Ball Room,http://hk.centadata.com/ptest.aspx?type=2&code=GEPPWPPHPK&ref=OpenData
帝庭軒,REGENTVILLE,和滿街8-9號,8-9 WO MUN STREET,新界東,NE,2000,2002,7,信和/萬泰製衣,SINO/MANHATTAN GARMENTS,室外泳池、兒童嬉水池、兒童遊樂場 / 兒童遊戲室、健身室、按摩池、日光浴場、桑拿浴室、蒸氣浴室、壁球場、網球場、卡拉OK室、燒烤場、高爾夫球練習場、閱讀室 / 溫習室、電腦室、浴足池 / 健足按摩室、緩跑徑、美容中心,Swimming Pool、Children's Pool、Children Playground/Play Room、Gymnasium、Jacuzzi、Solarium、Saunna Room、Steam Bath Room、Squash Court、Tennis Court、Karaoke Room、Barbecue Area、Golf Driving Range、Reading/Study Room、Computer Room、Foot Massage、Jogging Trail、Beauty Salon,http://hk.centadata.com/ptest.aspx?type=3&code=GEPPWPPOPB&ref=OpenData
新峰花園,CLASSICAL GARDENS,馬窩路10號,10 MA WO ROAD,新界東,NE,1994,1997,27,1、3及4期信和；2期信和及中國海外,"PHASE 1,3,4 - SINO ; PHASE 2 - SINO, CHINA OVERSEA",室內泳池、室外泳池、兒童遊樂場 / 兒童遊戲室、健身室、桑拿浴室、蒸氣浴室、乒乓球室、壁球場、網球場、羽毛球場、桌球室、卡拉OK室、可養狗、高爾夫球練習場、音樂室、閱讀室 / 溫習室、健康舞室,Indoor Swimming Pool、Swimming Pool、Children Playground/Play Room、Gymnasium、Saunna Room、Steam Bath Room、Table Tennis、Squash Court、Tennis Court、Badminton Court、Snooker Room、Karaoke Room、Pet Friendly、Golf Driving Range、Music Room、Reading/Study Room、Aerobic Studio,http://hk.centadata.com/ptest.aspx?type=3&code=GWPSPPYSPG&ref=OpenData
太湖花園,SERENITY PARK,大埔頭路18號,18 TAI PO TAU ROAD,新界東,NE,1992,1994,15,信和/中國海外,SINO/CHINA OVERSEA,室內泳池、室外泳池、遊樂場 / 遊戲室、健身室、桑拿浴室、乒乓球室、壁球場、網球場、桌球室、音樂室、健康舞室,Indoor Swimming Pool、Swimming Pool、Playground/Playroom、Gymnasium、Saunna Room、Table Tennis、Squash Court、Tennis Court、Snooker Room、Music Room、Aerobic Studio,http://hk.centadata.com/ptest.aspx?type=3&code=GWSBPPDYPB&ref=OpenData
帝堡城,CASTELLO,小瀝源路69號,69 SIU LEK YUEN ROAD,新界東,NE,1999,1999,7,新鴻基,SUN HUNG KAI,室外泳池、兒童嬉水池、兒童遊樂場 / 兒童遊戲室、健身室、按摩池、桑拿浴室、蒸氣浴室、乒乓球室、壁球場、網球場、燒烤場、健康舞室,Swimming Pool、Children's Pool、Children Playground/Play Room、Gymnasium、Jacuzzi、Saunna Room、Steam Bath Room、Table Tennis、Squash Court、Tennis Court、Barbecue Area、Aerobic Studio,http://hk.centadata.com/ptest.aspx?type=2&code=GYDPPPBSPB&ref=OpenData
聽濤雅苑,VISTA PARADISO, 恆明街2號,2 HANG MING STREET,新界東,NE,1998,1999,11,和記/協和建設,HUTCHISON WHAMPOA/協和建設,室外泳池、兒童嬉水池、健身室、日光浴場、桑拿浴室、乒乓球室、壁球場、網球場、桌球室、卡拉OK室、高爾夫球練習場、閱讀室 / 溫習室、健康舞室,Swimming Pool、Children's Pool、Gymnasium、Solarium、Saunna Room、Table Tennis、Squash Court、Tennis Court、Snooker Room、Karaoke Room、Golf Driving Range、Reading/Study Room、Aerobic Studio,http://hk.centadata.com/ptest.aspx?type=3&code=GYEBWPSEPB&ref=OpenData
富豪花園,BELAIR GARDENS,大涌橋路52號,52 TAI CHUNG KIU ROAD,新界東,NE,1982,1987,14,華懋,CHINACHEM,室外泳池、兒童遊樂場 / 兒童遊戲室、健身室、桑拿浴室、乒乓球室、壁球場、網球場、羽毛球場、多用途活動室,Swimming Pool、Children Playground/Play Room、Gymnasium、Saunna Room、Table Tennis、Squash Court、Tennis Court、Badminton Court、Multi-purpose Room,http://hk.centadata.com/ptest.aspx?type=2&code=GYEWPPGXPS&ref=OpenData
駿景園,ROYAL ASCOT,駿景路1號,1 TSUN KING ROAD,新界東,NE,1995,1996,10,新鴻基/港鐵,SUN HUNG KAI/MTR,室內泳池、室外泳池、兒童嬉水池、兒童遊樂場 / 兒童遊戲室、健身室、按摩池、桑拿浴室、壁球場、網球場、籃球場、羽毛球場、高爾夫球練習場、緩跑徑、宴會廳、迷你酒吧、舞蹈室、健康舞室、園林花園,Indoor Swimming Pool、Swimming Pool、Children's Pool、Children Playground/Play Room、Gymnasium、Jacuzzi、Saunna Room、Squash Court、Tennis Court、Basketball Court、Badminton Court、Golf Driving Range、Jogging Trail、Ball Room、Mnin Bar、Dance Studio、Aerobic Studio、Landscape Garden,http://hk.centadata.com/ptest.aspx?type=3&code=GYPBBPWRPS&ref=OpenData
大埔中心,TAI PO CENTRE,安邦路9號,9 ON PONG ROAD,新界東,NE,1985,1987,22,新鴻基,SUN HUNG KAI,室外泳池、遊樂場 / 遊戲室、羽毛球場、可養狗,Swimming Pool、Playground/Playroom、Badminton Court、Pet Friendly,http://hk.centadata.com/ptest.aspx?type=3&code=GYWKPPKYPS&ref=OpenData
河畔花園,GARDEN RIVERA,大涌橋路20-30號,20-30 TAI CHUNG KIU ROAD,新界東,NE,1984,1984,6,恆基,HENDERSON,室外泳池、兒童遊樂場 / 兒童遊戲室、壁球場、網球場、羽毛球場,Swimming Pool、Children Playground/Play Room、Squash Court、Tennis Court、Badminton Court,http://hk.centadata.com/ptest.aspx?type=2&code=GYYYPPGOPS&ref=OpenData
豫豐花園,THE SHERWOOD,福亨村道8號,8 FUK HANG TSUEN ROAD,新界西,NW,2005,2005,12,恆基,HENDERSON,室外泳池、兒童嬉水池、兒童遊樂場 / 兒童遊戲室、健身室、按摩池、日光浴場、桑拿浴室、乒乓球室、桌球室、保齡球場、卡拉OK室、電影院、燒烤場、音樂室、閱讀室 / 溫習室、迷你酒吧、太極圈、美容中心、香薰水療,Swimming Pool、Children's Pool、Children Playground/Play Room、Gymnasium、Jacuzzi、Solarium、Saunna Room、Table Tennis、Snooker Room、Bowling、Karaoke Room、Movie Theater、Barbecue Area、Music Room、Reading/Study Room、Mnin Bar、Tai Chi Circle、Beauty Salon、Arome Spa,http://hk.centadata.com/ptest.aspx?type=2&code=KKPPWPPEPS&ref=OpenData
星河明居,GALAXIA,龍蟠街3號,3 LUNG POON STREET,九龍,KL,1998,1998,5,會德豐/九龍倉/新亞置業/夏利文地產,WHEELOCK/WHARF/NEW PACIFIC/HARRIMAN,室外泳池、兒童嬉水池、兒童遊樂場 / 兒童遊戲室、健身室、按摩池、桑拿浴室、蒸氣浴室、壁球場、網球場、羽毛球場、桌球室、電影院、閱讀室 / 溫習室、健康舞室、麻雀房,Swimming Pool、Children's Pool、Children Playground/Play Room、Gymnasium、Jacuzzi、Saunna Room、Steam Bath Room、Squash Court、Tennis Court、Badminton Court、Snooker Room、Movie Theater、Reading/Study Room、Aerobic Studio、Marjong,http://hk.centadata.com/ptest.aspx?type=2&code=MSMTTHTVHT&ref=OpenData
德福花園,TELFORD GARDENS,偉業街33號,33 WAI YIP STREET,九龍,KL,1980,1982,21,合和/恆隆/港鐵,HOPEWELL/HANG LUNG/MTR,室外泳池、遊樂場 / 遊戲室、健身室、網球場、保齡球場,Swimming Pool、Playground/Playroom、Gymnasium、Tennis Court、Bowling,http://hk.centadata.com/ptest.aspx?type=2&code=MSNSTHSXHH&ref=OpenData
黃埔花園,WHAMPOA GARDEN,必嘉街121號,121 BAKER STREET,九龍,KL,1985,1991,88,和記黃埔,HUTCHISON WHAMPOA,室外泳池、遊樂場 / 遊戲室、健身室、壁球場、網球場、羽毛球場、緩跑徑,Swimming Pool、Playground/Playroom、Gymnasium、Squash Court、Tennis Court、Badminton Court、Jogging Trail,http://hk.centadata.com/ptest.aspx?type=3&code=MZDIIHHAHN&ref=OpenData
邁亞美海灣,MIAMI BEACH TOWERS,湖翠路268號,268 WU CHUI ROAD,新界西,NW,1991,1991,6,信和,SINO GROUP,室外泳池、兒童遊樂場 / 兒童遊戲室、健身室、桑拿浴室、壁球場、網球場、羽毛球場、宴會廳,Swimming Pool、Children Playground/Play Room、Gymnasium、Saunna Room、Squash Court、Tennis Court、Badminton Court、Ball Room,http://hk.centadata.com/ptest.aspx?type=2&code=NXISIHSRHT&ref=OpenData
海翠花園,PIERHEAD GARDEN,湖翠路168-236號,168-236 WU CHUI ROAD,新界西,NW,1988,1988,6,新世界/港鐵,NEW WORLD/MTR,室外泳池、兒童遊樂場 / 兒童遊戲室、網球場、緩跑徑,Swimming Pool、Children Playground/Play Room、Tennis Court、Jogging Trail,http://hk.centadata.com/ptest.aspx?type=2&code=NXMSIHSXHT&ref=OpenData
碧瑤灣,BAGUIO VILLA,域多利道 550 號,550 VICTORIA ROAD,香港,HK,1975,1979,33,新世界,NEW WORLD,室外泳池、兒童遊樂場 / 兒童遊戲室、網球場,Swimming Pool、Children Playground/Play Room、Tennis Court,http://hk.centadata.com/ptest.aspx?type=2&code=OJQCFRCORO&ref=OpenData
會展中心 會景閣,CONVENTION PLAZA APARTMENTS,港灣道 1 號,1 HARBOUR ROAD,香港,HK,1989,1989,1,新世界,NEW WORLD,室外泳池、健身室,Swimming Pool、Gymnasium,http://hk.centadata.com/ptest.aspx?type=1&code=OQSRFRRVRS&ref=OpenData
比華利山,BEVERLY HILL,樂活道 6 號,6 BROADWOOD ROAD,香港,HK,1988,1988,10,恆基,HENDERSON,室外泳池、健身室、桑拿浴室、壁球場、桌球室、屋苑專線巴士,Swimming Pool、Gymnasium、Saunna Room、Squash Court、Snooker Room、Estate Shuttle Bus,http://hk.centadata.com/ptest.aspx?type=2&code=OSRUUROHRS&ref=OpenData
太古城,TAIKOO SHING,太古灣道,TAIKOO WAN ROAD,香港,HK,1976,1987,61,太古,SWIRE,室外泳池、兒童遊樂場 / 兒童遊戲室、遊樂場 / 遊戲室、乒乓球室、網球場、羽毛球場、高爾夫球練習場,Swimming Pool、Children Playground/Play Room、Playground/Playroom、Table Tennis、Tennis Court、Badminton Court、Golf Driving Range,http://hk.centadata.com/ptest.aspx?type=3&code=OVDUURFSRJ&ref=OpenData
港運城,ISLAND PLACE,丹拿道 51-61 號,51-61 TANNER ROAD,香港,HK,1996,1996,3,太古/中巴,SWIRE/CHINA MOTOR BUS,室外泳池、兒童遊樂場 / 兒童遊戲室、平台花園,Swimming Pool、Children Playground/Play Room、Terrence Garden,http://hk.centadata.com/ptest.aspx?type=2&code=OVQOFRFYRQ&ref=OpenData
荃威花園,ALLWAY GARDEN,荃景圍195號,195 TSUEN KING CIRCUIT,新界西,NW,1978,1981,16,合和,HOPEWELL,室外泳池、兒童遊樂場 / 兒童遊戲室,Swimming Pool、Children Playground/Play Room,http://hk.centadata.com/ptest.aspx?type=2&code=QUVUQRCERQ&ref=OpenData
美景花園,MAYFAIR GARDENS,細山路2-16號,2-16 SAI SHAN ROAD,新界西,NW,1982,1984,8,新鴻基,SUN HUNG KAI,室外泳池、兒童遊樂場 / 兒童遊戲室、網球場、籃球場,Swimming Pool、Children Playground/Play Room、Tennis Court、Basketball Court,http://hk.centadata.com/ptest.aspx?type=2&code=QVSDFRCERR&ref=OpenData
尚翹峰,THE ZENITH,皇道大道東258號,258 QUEEN'S ROAD EAST,香港,HK,2006,2006,3,華人置業/市建局,CHINESE ESTATES/URBAN RENEWAL AUTHORITY,室外泳池、兒童嬉水池、兒童遊樂場 / 兒童遊戲室、健身室、按摩池、乒乓球室、桌球室、卡拉OK室、燒烤場、音樂室、閱讀室 / 溫習室、電腦室、舞蹈室、麻雀房,Swimming Pool、Children's Pool、Children Playground/Play Room、Gymnasium、Jacuzzi、Table Tennis、Snooker Room、Karaoke Room、Barbecue Area、Music Room、Reading/Study Room、Computer Room、Dance Studio、Marjong,http://hk.centadata.com/ptest.aspx?type=3&code=SAPPWPPOPS&ref=OpenData
鯉景灣,LEI KING WAN,太康街,TAI HONG STREET,香港,HK,1988,1989,17,太古,SWIRE,遊樂場 / 遊戲室、網球場,Playground/Playroom、Tennis Court,http://hk.centadata.com/ptest.aspx?type=3&code=SBABBPBXPD&ref=OpenData
嘉亨灣,GRAND PROMENADE,太康街38號,38 TAI HONG STREET,香港,HK,2005,2005,5,恆基/中華煤氣,HENDERSON/TOWN GAS,室外泳池、兒童遊樂場 / 兒童遊戲室、健身室、按摩池、桑拿浴室、蒸氣浴室、乒乓球室、保齡球場、卡拉OK室、高爾夫球練習場、電腦室、浴足池 / 健足按摩室、緩跑徑、宴會廳、太極圈、美容中心、柔道 / 瑜伽練習室、香薰水療,Swimming Pool、Children Playground/Play Room、Gymnasium、Jacuzzi、Saunna Room、Steam Bath Room、Table Tennis、Bowling、Karaoke Room、Golf Driving Range、Computer Room、Foot Massage、Jogging Trail、Ball Room、Tai Chi Circle、Beauty Salon、Judo/Yoga Room、Arome Spa,http://hk.centadata.com/ptest.aspx?type=2&code=SBPPWPPEPD&ref=OpenData
康怡花園,KORNHILL,康愉街 43-45 號,43-45 HONG YUE STREET,香港,HK,1985,1987,32,恆隆/新世界/港鐵,HANG LUNG/NEW WORLD/MTR,室外泳池、遊樂場 / 遊戲室、健身室、壁球場、緩跑徑,Swimming Pool、Playground/Playroom、Gymnasium、Squash Court、Jogging Trail,http://hk.centadata.com/ptest.aspx?type=2&code=SBYYBPEVPG&ref=OpenData
置富花園,CHI FU FA YUEN,置富道 9 號,9 CHI FU ROAD,香港,HK,1978,1981,27,置地,HONG KONG LAND,室外泳池、遊樂場 / 遊戲室、網球場、保齡球場,Swimming Pool、Playground/Playroom、Tennis Court、Bowling,http://hk.centadata.com/ptest.aspx?type=2&code=SDDEPPPYSE&ref=OpenData
海怡半島,SOUTH HORIZONS,海怡路 6 號,6 SOUTH HORIZON DRIVE,香港,HK,1991,1995,34,和記/長江/港燈,HUTCHISON WHAMPOA/CK HUTCHISON/HK ELECTRIC,室外泳池、遊樂場 / 遊戲室、健身室、按摩池、蒸氣浴室、乒乓球室、壁球場、網球場、羽毛球場、桌球室、高爾夫球練習場、閱讀室 / 溫習室、健康舞室,Swimming Pool、Playground/Playroom、Gymnasium、Jacuzzi、Steam Bath Room、Table Tennis、Squash Court、Tennis Court、Badminton Court、Snooker Room、Golf Driving Range、Reading/Study Room、Aerobic Studio,http://hk.centadata.com/ptest.aspx?type=3&code=SDDSGPWAPK&ref=OpenData
貝沙灣,RESIDENCE BEL-AIR,數碼港道,CYBER PORT ROAD,香港,HK,2004,2008,77,電訊盈科/香港政府,PCCW/HK GOV,室外泳池、兒童嬉水池、兒童遊樂場 / 兒童遊戲室、健身室、按摩池、日光浴場、乒乓球室、網球場、桌球室、卡拉OK室、電影院、高爾夫球練習場、閱讀室 / 溫習室、圖書館、電腦室、宴會廳、美容中心、健康舞室、香薰水療,Swimming Pool、Children's Pool、Children Playground/Play Room、Gymnasium、Jacuzzi、Solarium、Table Tennis、Tennis Court、Snooker Room、Karaoke Room、Movie Theater、Golf Driving Range、Reading/Study Room、Library、Computer Room、Ball Room、Beauty Salon、Aerobic Studio、Arome Spa,http://hk.centadata.com/ptest.aspx?type=3&code=SDPPWPPHPS&ref=OpenData
深灣軒,SHAM WAN TOWERS,鴨利洲徑,AP LEI CHAU DRIVE,香港,HK,2004,2004,3,新鴻基,SUN HUNG KAI,室外泳池、兒童嬉水池、兒童遊樂場 / 兒童遊戲室、健身室、按摩池、蒸氣浴室、乒乓球室、桌球室、燒烤場、音樂室、閱讀室 / 溫習室、電腦室、太極圈、健康舞室,Swimming Pool、Children's Pool、Children Playground/Play Room、Gymnasium、Jacuzzi、Steam Bath Room、Table Tennis、Snooker Room、Barbecue Area、Music Room、Reading/Study Room、Computer Room、Tai Chi Circle、Aerobic Studio,http://hk.centadata.com/ptest.aspx?type=2&code=SDPPWPPJPK&ref=OpenData
聚賢居,CENTRE STAGE,荷李活道108號,108 HOLLYWOOD ROAD,香港,HK,2006,2006,2,恆基,HENDERSON,室外泳池、健身室、按摩池,Swimming Pool、Gymnasium、Jacuzzi,http://hk.centadata.com/ptest.aspx?type=2&code=SEPPWPPAPE&ref=OpenData
杏花村,HENG FA CHUEN,盛泰道 100 號,100 SHING TAI ROAD,香港,HK,1986,1989,48,港鐵/杏花發展,MTR/HANG FA CHUEN DEV,室外泳池、遊樂場 / 遊戲室、健身室、蒸氣浴室、壁球場、網球場、籃球場、羽毛球場、桌球室,Swimming Pool、Playground/Playroom、Gymnasium、Steam Bath Room、Squash Court、Tennis Court、Basketball Court、Badminton Court、Snooker Room,http://hk.centadata.com/ptest.aspx?type=2&code=SGKEPPGYPE&ref=OpenData
藍灣半島,ISLAND RESORT,小西灣道28號,28 SIU SAI WAN ROAD,香港,HK,2001,2001,8,信和/維德集團/中銀香港,SINO GROUP/VICWOOD/BOC,室外泳池、兒童遊樂場 / 兒童遊戲室、健身室、桑拿浴室、乒乓球室、壁球場、網球場、籃球場、桌球室、保齡球場、燒烤場、音樂室、電腦室、健康舞室、麻雀房,Swimming Pool、Children Playground/Play Room、Gymnasium、Saunna Room、Table Tennis、Squash Court、Tennis Court、Basketball Court、Snooker Room、Bowling、Barbecue Area、Music Room、Computer Room、Aerobic Studio、Marjong,http://hk.centadata.com/ptest.aspx?type=2&code=SGPPWPPEPB&ref=OpenData
逸濤灣,LES SAISONS,太安街28號,28 TAI ON STREET,香港,HK,2001,2001,4,太古/新鴻基/中華汽車,SWIRE/SUN HUNG KAI/CMB,室外泳池、兒童嬉水池、兒童遊樂場 / 兒童遊戲室、健身室、桑拿浴室、乒乓球室、桌球室、高爾夫球練習場、音樂室、閱讀室 / 溫習室、健康舞室,Swimming Pool、Children's Pool、Children Playground/Play Room、Gymnasium、Saunna Room、Table Tennis、Snooker Room、Golf Driving Range、Music Room、Reading/Study Room、Aerobic Studio,http://hk.centadata.com/ptest.aspx?type=2&code=SGPPWPPEPS&ref=OpenData
嘉雲臺,CAVENDISH HEIGHTS,白建時道 33 號,33 PERKINS ROAD,香港,HK,1986,1988,8,長實/港燈,CK HUTCHISON/HK ELECTRIC,,,http://hk.centadata.com/ptest.aspx?type=2&code=SKKGBPBSPW&ref=OpenData
禮頓山,THE LEIGHTON HILL,禮頓山園,1 LEIGHTON HILL ROAD,香港,HK,2002,2002,8,新鴻基,SUN HUNG KAI,室內泳池、室外泳池、兒童嬉水池、兒童遊樂場 / 兒童遊戲室、健身室、按摩池、桑拿浴室、蒸氣浴室、網球場、桌球室、宴會廳、多用途活動室,Indoor Swimming Pool、Swimming Pool、Children's Pool、Children Playground/Play Room、Gymnasium、Jacuzzi、Saunna Room、Steam Bath Room、Tennis Court、Snooker Room、Ball Room、Multi-purpose Room,http://hk.centadata.com/ptest.aspx?type=2&code=SKPPWPPJPK&ref=OpenData
光明臺,ILLUMINATION TERRACE,大坑道 7 號,7 TAI HANG ROAD,香港,HK,1993,1993,2,新世界,NEW WORLD,兒童遊樂場 / 兒童遊戲室、桑拿浴室、乒乓球室、羽毛球場、桌球室、園林花園,Children Playground/Play Room、Saunna Room、Table Tennis、Badminton Court、Snooker Room、Landscape Garden,http://hk.centadata.com/ptest.aspx?type=2&code=SKYAWPBXPB&ref=OpenData
寶翠園,THE BELCHER'S,薄扶林道89號,89 POK FU LAM ROAD,香港,HK,2000,2001,6,新鴻基/信德/新世界/廖創興,SUN HUNG KAI/SHUN TAK/NEW WORLD/ LIU CHONG HING,室內泳池、室外泳池、兒童遊樂場 / 兒童遊戲室、健身室、按摩池、桑拿浴室、蒸氣浴室、壁球場、網球場、籃球場、羽毛球場、桌球室、高爾夫球練習場、太極圈,Indoor Swimming Pool、Swimming Pool、Children Playground/Play Room、Gymnasium、Jacuzzi、Saunna Room、Steam Bath Room、Squash Court、Tennis Court、Basketball Court、Badminton Court、Snooker Room、Golf Driving Range、Tai Chi Circle,http://hk.centadata.com/ptest.aspx?type=3&code=SSPPWPPAPS&ref=OpenData
帝后華庭,QUEEN'S TERRACE,皇后街1號,1 QUEEN STREET,香港,HK,2003,2003,3,新世界/長江/市建局,NEW WORLD/CK HUTCHISON/URBAN RENEWAL AUTHORITY,兒童遊樂場 / 兒童遊戲室,Children Playground/Play Room,http://hk.centadata.com/ptest.aspx?type=2&code=SSPPWPPJPA&ref=OpenData
泓都,THE MERTON,堅尼地城新海旁街38號,38 NEW PRAYA KENNEDY TOWN,香港,HK,2004,2004,3,新世界/市建局,NEW WORLD/URBAN RENEWAL AUTHORITY,室外泳池、兒童遊樂場 / 兒童遊戲室、健身室、按摩池、日光浴場、桑拿浴室、蒸氣浴室、乒乓球室、桌球室、卡拉OK室、可養狗、音樂室、閱讀室 / 溫習室、電腦室、健康舞室、柔道 / 瑜伽練習室,Swimming Pool、Children Playground/Play Room、Gymnasium、Jacuzzi、Solarium、Saunna Room、Steam Bath Room、Table Tennis、Snooker Room、Karaoke Room、Pet Friendly、Music Room、Reading/Study Room、Computer Room、Aerobic Studio、Judo/Yoga Room,http://hk.centadata.com/ptest.aspx?type=2&code=SSPPWPPYPS&ref=OpenData
香港黃金海岸,HONG KONG GOLD COAST,青山公路青山灣1號,1 CASTLE PEAK ROAD,新界西,NW,1990,1995,30,信和,SINO GROUP,室外泳池、兒童遊樂場 / 兒童遊戲室、遊樂場 / 遊戲室、健身室、桑拿浴室、蒸氣浴室、乒乓球室、壁球場、網球場、桌球室、保齡球場、高爾夫球練習場、電腦室、緩跑徑,Swimming Pool、Children Playground/Play Room、Playground/Playroom、Gymnasium、Saunna Room、Steam Bath Room、Table Tennis、Squash Court、Tennis Court、Snooker Room、Bowling、Golf Driving Range、Computer Room、Jogging Trail,http://hk.centadata.com/ptest.aspx?type=2&code=SUQRFROHRD&ref=OpenData
香港仔中心,ABERDEEN CENTRE,南寧街 11 號,11 NAM NING STREET,香港,HK,1979,1982,20,和記黃埔,HUTCHISON WHAMPOA,壁球場,Squash Court,http://hk.centadata.com/ptest.aspx?type=2&code=TIXSIHNOHD&ref=OpenData
陽明山莊,HONG KONG PARKVIEW,大潭水塘道 88 號,88 TAI TAM RESERVOIR ROAD,香港,HK,1988,1989,18,陽明山莊地產,Tri-View Ltd?,室內泳池、兒童嬉水池、健身室、按摩池、桑拿浴室、蒸氣浴室、壁球場、網球場、燒烤場、高爾夫球練習場、宴會廳,Indoor Swimming Pool、Children's Pool、Gymnasium、Jacuzzi、Saunna Room、Steam Bath Room、Squash Court、Tennis Court、Barbecue Area、Golf Driving Range、Ball Room,http://hk.centadata.com/ptest.aspx?type=3&code=TLMLZHZXHZ&ref=OpenData
城市花園,CITY GARDEN,電氣道 233 號,233 ELECTRIC ROAD,香港,HK,1982,1986,14,長江,CK HUTCHISON,室內泳池、兒童遊樂場 / 兒童遊戲室、健身室、桑拿浴室、壁球場,Indoor Swimming Pool、Children Playground/Play Room、Gymnasium、Saunna Room、Squash Court,http://hk.centadata.com/ptest.aspx?type=3&code=TNDTZHTRHT&ref=OpenData
和富中心,PROVIDENT CENTRE,和富道 37 號,37 WHARF ROAD,香港,HK,1982,1984,17,和記黃埔,HUTCHISON WHAMPOA,室外泳池、兒童遊樂場 / 兒童遊戲室,Swimming Pool、Children Playground/Play Room,http://hk.centadata.com/ptest.aspx?type=2&code=TNITZHLYHD&ref=OpenData
南豐新邨,NAN FUNG SUN CHUEN,基利坊 21 號,21 GREIG CRESCENT,香港,HK,1977,1978,12,南豐,NAN FUNG,遊樂場 / 遊戲室、籃球場、羽毛球場,Playground/Playroom、Basketball Court、Badminton Court,http://hk.centadata.com/ptest.aspx?type=2&code=TNTLTHHXHX&ref=OpenData
翰林軒,UNIVERSITY HEIGHTS,蒲飛路 23 號,23 POKFIELD ROAD,香港,HK,1996,1996,2,匯豐/長江,HSBC/CK HUTCHISON,室外泳池、桑拿浴室、緩跑徑、園林花園,Swimming Pool、Saunna Room、Jogging Trail、Landscape Garden,http://hk.centadata.com/ptest.aspx?type=2&code=TTXNZHIXHT&ref=OpenData
嘉富麗苑,CLOVELLY COURT,梅道 12 號,12 MAY ROAD,香港,HK,1994,1994,2,新世界,NEW WORLD,,,http://hk.centadata.com/ptest.aspx?type=2&code=TZHNTHDXHM&ref=OpenData
地利根德閣,TREGUNTER,地利根德里 14 號,14 TREGUNTER PATH,香港,HK,1981,1993,3,嘉里,KERRY,室外泳池、兒童遊樂場 / 兒童遊戲室、健身室、按摩池、桑拿浴室、壁球場、網球場、宴會廳,Swimming Pool、Children Playground/Play Room、Gymnasium、Jacuzzi、Saunna Room、Squash Court、Tennis Court、Ball Room,http://hk.centadata.com/ptest.aspx?type=2&code=TZHNZHLAHM&ref=OpenData
帝景園,DYNASTY COURT,舊山頂道 17-23 號,17-23 OLD PEAK ROAD,香港,HK,1991,1991,5,新鴻基,SUN HUNG KAI,室外泳池、兒童遊樂場 / 兒童遊戲室、蒸氣浴室、乒乓球室、壁球場、網球場、桌球室、高爾夫球練習場、健康舞室、電腦哥爾夫球練習室,Swimming Pool、Children Playground/Play Room、Steam Bath Room、Table Tennis、Squash Court、Tennis Court、Snooker Room、Golf Driving Range、Aerobic Studio、Golf Simulator,http://hk.centadata.com/ptest.aspx?type=2&code=TZLSZHZHHM&ref=OpenData
雍景臺,ROBINSON PLACE,羅便臣道 70 號,70 ROBINSON ROAD,香港,HK,1994,1994,2,太古,SWIRE,室外泳池、健身室、壁球場、網球場,Swimming Pool、Gymnasium、Squash Court、Tennis Court,http://hk.centadata.com/ptest.aspx?type=2&code=TZMNIHIXHM&ref=OpenData
得寶花園,TAK BO GARDEN,牛頭角道3號,3 NGAU TAU KOK ROAD,九龍,KL,1984,1984,8,恆基,HENDERSON,室外泳池、遊樂場 / 遊戲室,Swimming Pool、Playground/Playroom,http://hk.centadata.com/ptest.aspx?type=2&code=UCROURFHRO&ref=OpenData
美孚新村,MEI FOO SUN CHUEN,百老匯街22-24號,22-24 BROADWAY,九龍,KL,1968,1978,99,新世界/美孚企業,NEW WORLD/MEI FOO INV,室外泳池、兒童遊樂場 / 兒童遊戲室、遊樂場 / 遊戲室、健身室、乒乓球室、網球場、籃球場、保齡球場、電影院、緩跑徑,Swimming Pool、Children Playground/Play Room、Playground/Playroom、Gymnasium、Table Tennis、Tennis Court、Basketball Court、Bowling、Movie Theater、Jogging Trail,http://hk.centadata.com/ptest.aspx?type=3&code=UDDCFRDSRR&ref=OpenData
又一居,PARC OASIS,瑰麗路21號,21 GRANDEUR ROAD,九龍,KL,1992,1995,32,會德豐/信和,WHEELOCK/SINO,室外泳池、兒童遊樂場 / 兒童遊戲室、健身室、桑拿浴室、乒乓球室、壁球場、網球場、閱讀室 / 溫習室、宴會廳,Swimming Pool、Children Playground/Play Room、Gymnasium、Saunna Room、Table Tennis、Squash Court、Tennis Court、Reading/Study Room、Ball Room,http://hk.centadata.com/ptest.aspx?type=2&code=UDSQURJHRF&ref=OpenData
大興花園,TAI HING GARDENS,震寰路11號,11 TSUN WEN ROAD,新界西,NW,1989,1994,15,大興紡織/恆隆,TAI HING COTTON MILL/HANG LUNG,室外泳池、遊樂場 / 遊戲室、蒸氣浴室、壁球場、羽毛球場、高爾夫球練習場,Swimming Pool、Playground/Playroom、Steam Bath Room、Squash Court、Badminton Court、Golf Driving Range,http://hk.centadata.com/ptest.aspx?type=3&code=VCDOURFSRO&ref=OpenData
新元朗中心,SUN YUEN LONG CENTRE,朗日路8號,8 LONG YAT ROAD,新界西,NW,1993,1993,5,新鴻基/港鐵,SUN HUNG KAI/MTR,室外泳池、兒童嬉水池、兒童遊樂場 / 兒童遊戲室、網球場、屋苑停車場、平台花園,Swimming Pool、Children's Pool、Children Playground/Play Room、Tennis Court、Car Park、Terrence Garden,http://hk.centadata.com/ptest.aspx?type=2&code=VCFCFRVJRV&ref=OpenData
花都廣場,FLORA PLAZA,百和路88號,88 PAK WO ROAD,新界東,NE,1995,1995,10,恆基/華懋,HENDERSON/CHINACHEM,室外泳池、遊樂場 / 遊戲室、健身室、蒸氣浴室、壁球場、網球場,Swimming Pool、Playground/Playroom、Gymnasium、Steam Bath Room、Squash Court、Tennis Court,http://hk.centadata.com/ptest.aspx?type=2&code=VJOVQRSERQ&ref=OpenData
上水中心,SHEUNG SHUI CENTRE,智昌路3號,3 CHI CHEONG ROAD,新界東,NE,1993,1993,6,恆基,HENDERSON,室外泳池、兒童嬉水池、兒童遊樂場 / 兒童遊戲室、網球場,Swimming Pool、Children's Pool、Children Playground/Play Room、Tennis Court,http://hk.centadata.com/ptest.aspx?type=2&code=VJURURFRRQ&ref=OpenData
嘉湖山莊,KINGSWOOD VILLAS,天湖路1號,1 TIN WU ROAD,新界西,NW,1991,1997,58,長江,CK HUTCHISON,室內泳池、室外泳池、兒童遊樂場 / 兒童遊戲室、遊樂場 / 遊戲室、健身室、桑拿浴室、蒸氣浴室、乒乓球室、壁球場、網球場、桌球室、保齡球場、燒烤場、閱讀室 / 溫習室、宴會廳、太極圈、舞蹈室、麻雀房,Indoor Swimming Pool、Swimming Pool、Children Playground/Play Room、Playground/Playroom、Gymnasium、Saunna Room、Steam Bath Room、Table Tennis、Squash Court、Tennis Court、Snooker Room、Bowling、Barbecue Area、Reading/Study Room、Ball Room、Tai Chi Circle、Dance Studio、Marjong,http://hk.centadata.com/ptest.aspx?type=3&code=VOOFFRFARR&ref=OpenData
映灣園,CARIBBEAN COAST,文東路,MAN TUNG ROAD,新界西,NW,2002,2011,69,長江/和記/港鐵,CK HUTCHISON/HUTCHISN WHAMPOA/MTR,室內泳池、室外泳池、兒童嬉水池、兒童遊樂場 / 兒童遊戲室、健身室、按摩池、桑拿浴室、蒸氣浴室、乒乓球室、壁球場、網球場、籃球場、桌球室、保齡球場、卡拉OK室、燒烤場、沙灘排球場、高爾夫球練習場、音樂室、閱讀室 / 溫習室、電腦室、浴足池 / 健足按摩室、緩跑徑、宴會廳、迷你酒吧、攀石練習場、太極圈、美容中心、健康舞室、模型賽車,Indoor Swimming Pool、Swimming Pool、Children's Pool、Children Playground/Play Room、Gymnasium、Jacuzzi、Saunna Room、Steam Bath Room、Table Tennis、Squash Court、Tennis Court、Basketball Court、Snooker Room、Bowling、Karaoke Room、Barbecue Area、Beach Volleyball Court、Golf Driving Range、Music Room、Reading/Study Room、Computer Room、Foot Massage、Jogging Trail、Ball Room、Mnin Bar、Rock Climbing、Tai Chi Circle、Beauty Salon、Aerobic Studio、Model Car Racing,http://hk.centadata.com/ptest.aspx?type=3&code=WBPPWPPEPP&ref=OpenData
藍天海岸,COASTAL SKYLINE,海濱路12號,12 TUNG CHUNG WATERFRONT ROAD,新界西,NW,2005,2007,54,香港興業/港鐵及其他,HKR INTERNATIONAL/MTR & OTHERS,室內泳池、室外泳池、兒童嬉水池、兒童遊樂場 / 兒童遊戲室、健身室、按摩池、日光浴場、桑拿浴室、蒸氣浴室、乒乓球室、壁球場、網球場、籃球場、羽毛球場、保齡球場、卡拉OK室、燒烤場、音樂室、閱讀室 / 溫習室、圖書館、緩跑徑、宴會廳、健康舞室,Indoor Swimming Pool、Swimming Pool、Children's Pool、Children Playground/Play Room、Gymnasium、Jacuzzi、Solarium、Saunna Room、Steam Bath Room、Table Tennis、Squash Court、Tennis Court、Basketball Court、Badminton Court、Bowling、Karaoke Room、Barbecue Area、Music Room、Reading/Study Room、Library、Jogging Trail、Ball Room、Aerobic Studio,http://hk.centadata.com/ptest.aspx?type=3&code=WBPPWPPHPP&ref=OpenData
珀麗灣,PARK ISLAND,珀麗路8號,8 PAK LAI ROAD,新界西,NW,2002,2009,31,新鴻基,SUN HUNG KAI,室內泳池、室外泳池、兒童嬉水池、兒童遊樂場 / 兒童遊戲室、健身室、按摩池、桑拿浴室、蒸氣浴室、壁球場、網球場、籃球場、羽毛球場、桌球室、保齡球場、燒烤場、可養狗、高爾夫球練習場、音樂室、閱讀室 / 溫習室、圖書館、電腦室、宴會廳、美容中心、舞蹈室、香薰水療,Indoor Swimming Pool、Swimming Pool、Children's Pool、Children Playground/Play Room、Gymnasium、Jacuzzi、Saunna Room、Steam Bath Room、Squash Court、Tennis Court、Basketball Court、Badminton Court、Snooker Room、Bowling、Barbecue Area、Pet Friendly、Golf Driving Range、Music Room、Reading/Study Room、Library、Computer Room、Ball Room、Beauty Salon、Dance Studio、Arome Spa,http://hk.centadata.com/ptest.aspx?type=3&code=WDPPWPPEPB&ref=OpenData
沙田中心,SHATIN CENTRE,橫壆街2-16號,2-16 WANG POK STREET,新界東,NE,1981,1981,8,恆基,HENDERSON,室外泳池、兒童遊樂場 / 兒童遊戲室、羽毛球場,Swimming Pool、Children Playground/Play Room、Badminton Court,http://hk.centadata.com/ptest.aspx?type=2&code=XSDTIHLYHT&ref=OpenData
沙田第一城,CITY ONE SHATIN,得利街4號,4 TAK LEE STREET,新界東,NE,1980,1987,52,長江/新鴻基/新世界/恆基,CK HUTCHISON/SUN HUNG KAI/NEW WORLD/HENDERSON,室外泳池、兒童遊樂場 / 兒童遊戲室、健身室、壁球場、網球場、籃球場,Swimming Pool、Children Playground/Play Room、Gymnasium、Squash Court、Tennis Court、Basketball Court,http://hk.centadata.com/ptest.aspx?type=3&code=XSHNIHSXHT&ref=OpenData
新港城,SUNSHINE CITY,鞍誠街18號,18 ON SHING STREET,新界東,NE,1993,1996,20,恆基,HENDERSON,室外泳池、遊樂場 / 遊戲室、健身室、蒸氣浴室、壁球場、網球場、高爾夫球練習場,Swimming Pool、Playground/Playroom、Gymnasium、Steam Bath Room、Squash Court、Tennis Court、Golf Driving Range,http://hk.centadata.com/ptest.aspx?type=3&code=XSHNIHZXHN&ref=OpenData
銀禧花園,JUBILEE GARDEN,樂景街2-18號,2-18 LOK KING STREET,新界東,NE,1985,1986,9,長江,CK HUTCHISON,室外泳池、遊樂場 / 遊戲室、桑拿浴室、乒乓球室、網球場、籃球場,Swimming Pool、Playground/Playroom、Saunna Room、Table Tennis、Tennis Court、Basketball Court,http://hk.centadata.com/ptest.aspx?type=2&code=XSHSTHZHHT&ref=OpenData
馬鞍山中心,MA ON SHAN CENTRE,鞍駿街1號,1 ON CHUN STREET,新界東,NE,1994,1994,4,南豐,NAN FUNG,室外泳池、健身室,Swimming Pool、Gymnasium,http://hk.centadata.com/ptest.aspx?type=2&code=XSSHIHXHHN&ref=OpenData
雅典居,VILLA ATHENA,西沙路600號,600 SAI SHA ROAD,新界東,NE,1994,1994,10,新鴻基,SUN HUNG KAI,室外泳池、兒童遊樂場 / 兒童遊戲室、健身室、桑拿浴室、網球場、屋苑停車場,Swimming Pool、Children Playground/Play Room、Gymnasium、Saunna Room、Tennis Court、Car Park,http://hk.centadata.com/ptest.aspx?type=2&code=XSTNTHIOHN&ref=OpenData
維景灣畔,OCEAN SHORES,澳景路88號,88 O KING ROAD,九龍,KL,2000,2003,15,太古/新鴻基,SWIRE/SUN HUNG KAI,室外泳池、兒童嬉水池、兒童遊樂場 / 兒童遊戲室、健身室、按摩池、日光浴場、桑拿浴室、蒸氣浴室、壁球場、網球場、桌球室、保齡球場、高爾夫球練習場、圖書館、健康舞室、電腦哥爾夫球練習室,Swimming Pool、Children's Pool、Children Playground/Play Room、Gymnasium、Jacuzzi、Solarium、Saunna Room、Steam Bath Room、Squash Court、Tennis Court、Snooker Room、Bowling、Golf Driving Range、Library、Aerobic Studio、Golf Simulator,http://hk.centadata.com/ptest.aspx?type=3&code=YAPPWPPEPA&ref=OpenData
新都城,THE METRO CITY,貿業路8號,8 MAU YIP ROAD,九龍,KL,1996,2000,21,恆基,HENDERSON LAND,室內泳池、室外泳池、兒童遊樂場 / 兒童遊戲室、健身室、按摩池、桑拿浴室、蒸氣浴室、乒乓球室、壁球場、網球場、桌球室、保齡球場、卡拉OK室、可養狗、音樂室、宴會廳、迷你酒吧、太極圈、舞蹈室、電腦哥爾夫球練習室,Indoor Swimming Pool、Swimming Pool、Children Playground/Play Room、Gymnasium、Jacuzzi、Saunna Room、Steam Bath Room、Table Tennis、Squash Court、Tennis Court、Snooker Room、Bowling、Karaoke Room、Pet Friendly、Music Room、Ball Room、Mnin Bar、Tai Chi Circle、Dance Studio、Golf Simulator,http://hk.centadata.com/ptest.aspx?type=3&code=YAPPWPPEPG&ref=OpenData
將軍澳中心,PARK CENTRAL,唐德街,9 TONG TAK STREET,九龍,KL,2002,2005,12,新鴻基地產/恆基兆業/華懋/南豐/港鐵,SUN HUNG KAI/HENDERSON LAND/CHINACHEM/NAN FUNG/MTR,室內泳池、室外泳池、兒童嬉水池、兒童遊樂場 / 兒童遊戲室、健身室、按摩池、桑拿浴室、蒸氣浴室、乒乓球室、壁球場、網球場、桌球室、保齡球場、燒烤場、音樂室、閱讀室 / 溫習室、電腦室、宴會廳、健康舞室,Indoor Swimming Pool、Swimming Pool、Children's Pool、Children Playground/Play Room、Gymnasium、Jacuzzi、Saunna Room、Steam Bath Room、Table Tennis、Squash Court、Tennis Court、Snooker Room、Bowling、Barbecue Area、Music Room、Reading/Study Room、Computer Room、Ball Room、Aerobic Studio,http://hk.centadata.com/ptest.aspx?type=3&code=YAPPWPPEPY&ref=OpenData
