c_estate,e_estate,pc_addr,pe_addr,scp_mktc,scp_mkte,min_opdate,max_opdate,blgcount,pc_dev,pe_dev,facilities_c,facilities_e,url,Address,Coordinates,latitude,longitude
碧堤半島,BELLAGIO,青山公路33號,33 CASTLE PEAK ROAD,新界西,NW,2003,2006,8,會德豐/九龍倉,WHEELOCK/THE WHARF,室外泳池、兒童遊樂場 / 兒童遊戲室、健身室、按摩池、桑拿浴室、蒸氣浴室、乒乓球室、壁球場、網球場、籃球場、羽毛球場、桌球室、卡拉OK室、燒烤場、可養狗、高爾夫球練習場、電腦室、緩跑徑、宴會廳、美容中心、舞蹈室、健康舞室、電腦哥爾夫球練習室,Swimming Pool、Children Playground/Play Room、Gymnasium、Jacuzzi、Saunna Room、Steam Bath Room、Table Tennis、Squash Court、Tennis Court、Basketball Court、Badminton Court、Snooker Room、Karaoke Room、Barbecue Area、Pet Friendly、Golf Driving Range、Computer Room、Jogging Trail、Ball Room、Beauty Salon、Dance Studio、Aerobic Studio、Golf Simulator,http://hk.centadata.com/ptest.aspx?type=3&code=AAPPWPPEPB&ref=OpenData,BELLAGIO,"Bellagio, CO, LOM, Italia",45.9872549,9.2613001
青怡花園,TSING YI GARDEN,青綠街7-19號,7-19 TSING LUK STREET,新界西,NW,1986,1986,7,長江,CK HUTCHISON,室外泳池、遊樂場 / 遊戲室、網球場、羽毛球場、緩跑徑,Swimming Pool、Playground/Playroom、Tennis Court、Badminton Court、Jogging Trail,http://hk.centadata.com/ptest.aspx?type=2&code=ABGKGPWOPP&ref=OpenData,TSING YI GARDEN,"青怡花園 Tsing Yi Garden, 青衣 Tsing Yi, 青裕新村 Tsing Yu New Village, 新界 New Territories, HK, 中国",22.35373935,114.105090466599
翠怡花園,GREENFIELD GARDEN,楓樹窩路1號,1 FUNG SHUE WO ROAD,新界西,NW,1989,1990,11,新鴻基/捷和,SUN HUNG KAI/CHIAP HUA,室外泳池、兒童嬉水池、兒童遊樂場 / 兒童遊戲室、健身室、桑拿浴室、乒乓球室、壁球場、網球場、閱讀室 / 溫習室、緩跑徑,Swimming Pool、Children's Pool、Children Playground/Play Room、Gymnasium、Saunna Room、Table Tennis、Squash Court、Tennis Court、Reading/Study Room、Jogging Trail,http://hk.centadata.com/ptest.aspx?type=3&code=ABPAGPWXPP&ref=OpenData,GREENFIELD GARDEN,"2-20, 榮富苑 Greenfield Garden, 旺角 Mong Kok, 油尖旺區 Yau Tsim Mong District, 九龍 Kowloon, HK, 852, 中国",22.31946585,114.165520248712
盈翠半島,TIERRA VERDE,青敬路33號,33 TSING KING ROAD,新界西,NW,1999,1999,12,港鐵/和記黃埔/中信泰富/長江,MTR/HUTCHISON WHAMPOA/CITIC PACIFIC/CK HUTCHISON,室外泳池、兒童嬉水池、兒童遊樂場 / 兒童遊戲室、健身室、日光浴場、桑拿浴室、乒乓球室、壁球場、網球場、桌球室、保齡球場、高爾夫球練習場,Swimming Pool、Children's Pool、Children Playground/Play Room、Gymnasium、Solarium、Saunna Room、Table Tennis、Squash Court、Tennis Court、Snooker Room、Bowling、Golf Driving Range,http://hk.centadata.com/ptest.aspx?type=3&code=ABPPGPWXPP&ref=OpenData,TIERRA VERDE,"Tierra Verde, Pinellas County, Florida, United States of America",27.6919746,-82.7234336
綠楊新村,LUK YEUNG SUN CHUEN,蕙荃路22-66號,22-66 WAI TSUEN ROAD,新界西,NW,1983,1984,17,置地/港鐵/怡和及其他,HONG KONG LAND/MTR/JARDINE & OTHER,遊樂場 / 遊戲室、網球場、籃球場,Playground/Playroom、Tennis Court、Basketball Court,http://hk.centadata.com/ptest.aspx?type=2&code=AEBKPPSJPK&ref=OpenData,LUK YEUNG SUN CHUEN,"22-66, 綠楊新邨 Luk Yeung Sun Chuen, 葵涌 Kwai Chung, 海壩村南台 Hoi Pa Village South Terrace, 新界 New Territories, HK, 中国",22.3733386,114.120137882298
麗城花園,BELVEDERE GARDEN,青山公路荃灣段530-590號,530-590 CASTLE PEAK ROAD TSUEN WAN,新界西,NW,1987,1991,19,長江,CK HUTCHISON,室外泳池、遊樂場 / 遊戲室、健身室、壁球場、網球場、籃球場、羽毛球場,Swimming Pool、Playground/Playroom、Gymnasium、Squash Court、Tennis Court、Basketball Court、Badminton Court,http://hk.centadata.com/ptest.aspx?type=3&code=AEESBPPSPA&ref=OpenData,BELVEDERE GARDEN,"Belvedere Gardens, Los Angeles County, California, United States of America",34.0277902,-118.1628486
海濱花園,RIVIERA GARDENS,怡樂街2-12號,2-12 YI LOK STREET,新界西,NW,1988,1989,20,新世界/德士古,NEW WORLD/TEXACO,室外泳池、遊樂場 / 遊戲室、健身室、壁球場、網球場、籃球場、羽毛球場、緩跑徑,Swimming Pool、Playground/Playroom、Gymnasium、Squash Court、Tennis Court、Basketball Court、Badminton Court、Jogging Trail,http://hk.centadata.com/ptest.aspx?type=2&code=AEWPPPSOPW&ref=OpenData,RIVIERA GARDENS,"2-12, 海濱花園 Riviera Gardens, 青衣 Tsing Yi, 荃灣 Tsuen Wan, 新界 New Territories, HK, 中国",22.36217195,114.113702837415
浪翠園,SEA CREST VILLA,青山公路青龍頭18號,18 CASTLE PEAK ROAD TSING LUNG TAU,新界西,NW,1992,1995,13,新鴻基,SUN HUNG KAI,室外泳池、兒童遊樂場 / 兒童遊戲室、健身室、桑拿浴室、乒乓球室、壁球場、網球場、桌球室、可養狗、宴會廳,Swimming Pool、Children Playground/Play Room、Gymnasium、Saunna Room、Table Tennis、Squash Court、Tennis Court、Snooker Room、Pet Friendly、Ball Room,http://hk.centadata.com/ptest.aspx?type=3&code=AKPPGPGHPP&ref=OpenData,SEA CREST VILLA,"翠濤花園 Sea Crest Villa, 竹篙灣 Penny's Bay, 坪洲 Peng Chau, 新界 New Territories, HK, NT, 中国",22.2888821,114.035569428515
牽晴間,DAWNING VIEWS,一鳴路23號,23 YAT MING ROAD,新界東,NE,1999,1999,12,恆基,HENDERSON,室外泳池、兒童遊樂場 / 兒童遊戲室、健身室、按摩池、日光浴場、桑拿浴室、蒸氣浴室、乒乓球室、壁球場、網球場、桌球室、可養狗、健康舞室、電腦哥爾夫球練習室,Swimming Pool、Children Playground/Play Room、Gymnasium、Jacuzzi、Solarium、Saunna Room、Steam Bath Room、Table Tennis、Squash Court、Tennis Court、Snooker Room、Pet Friendly、Aerobic Studio、Golf Simulator,http://hk.centadata.com/ptest.aspx?type=2&code=BDAAGPYXPA&ref=OpenData,DAWNING VIEWS,"牽晴間 Dawning Views, 和合石 Wo Hop Shek, 和興村 Wo Hing Tsuen, 新界 New Territories, HK, 中国",22.48719605,114.144199766072
YOHO TOWN,YOHO TOWN,元龍街8號,8 YUEN LUNG STREET,新界西,NW,2004,2010,16,新鴻基,SUN HUNG KAI,室外泳池、兒童嬉水池、兒童遊樂場 / 兒童遊戲室、健身室、按摩池、日光浴場、桑拿浴室、蒸氣浴室、乒乓球室、保齡球場、卡拉OK室、可養狗、音樂室、閱讀室 / 溫習室、宴會廳、健康舞室、柔道 / 瑜伽練習室,Swimming Pool、Children's Pool、Children Playground/Play Room、Gymnasium、Jacuzzi、Solarium、Saunna Room、Steam Bath Room、Table Tennis、Bowling、Karaoke Room、Pet Friendly、Music Room、Reading/Study Room、Ball Room、Aerobic Studio、Judo/Yoga Room,http://hk.centadata.com/ptest.aspx?type=3&code=BEPPWPPAPK&ref=OpenData,YOHO TOWN,"8, 新時代廣場 YOHO Town, 十八鄉 Shap Pat Heung, 大圍村 Tai Wai Tsuen, 新界 New Territories, HK, 00852, 中国",22.441364,114.037137780431
采葉庭,THE PARCVILLE,元朗舊墟路33號,33 YUEN LONG KAU HUI ROAD,新界西,NW,2002,2002,14,新鴻基/新世界,SUN HUNG KAI/NEW WORLD,室內泳池、室外泳池、兒童遊樂場 / 兒童遊戲室、健身室、按摩池、乒乓球室、羽毛球場、桌球室、可養狗、閱讀室 / 溫習室、電腦室、宴會廳、健康舞室,Indoor Swimming Pool、Swimming Pool、Children Playground/Play Room、Gymnasium、Jacuzzi、Table Tennis、Badminton Court、Snooker Room、Pet Friendly、Reading/Study Room、Computer Room、Ball Room、Aerobic Studio,http://hk.centadata.com/ptest.aspx?type=2&code=BEPPWPPEPK&ref=OpenData,THE PARCVILLE,"33, 采葉庭 The Parcville, 十八鄉 Shap Pat Heung, 西邊圍 Sai Pin Wai, 新界 New Territories, HK, 00852, 中国",22.45056915,114.032793796269
蝶翠峰,SERENO VERDE,大棠路99號,99 TAI TONG ROAD,新界西,NW,2001,2002,16,新世界/恆基,NEW WORLD/HENDERSON,室外泳池、兒童嬉水池、兒童遊樂場 / 兒童遊戲室、健身室、按摩池、桑拿浴室、蒸氣浴室、乒乓球室、桌球室、卡拉OK室、燒烤場、可養狗、音樂室、閱讀室 / 溫習室、電腦室、宴會廳、太極圈、健康舞室,Swimming Pool、Children's Pool、Children Playground/Play Room、Gymnasium、Jacuzzi、Saunna Room、Steam Bath Room、Table Tennis、Snooker Room、Karaoke Room、Barbecue Area、Pet Friendly、Music Room、Reading/Study Room、Computer Room、Ball Room、Tai Chi Circle、Aerobic Studio,http://hk.centadata.com/ptest.aspx?type=3&code=BEPPWPPEPW&ref=OpenData,SERENO VERDE,"蝶翠峰 Sereno Verde, 十八鄉 Shap Pat Heung, 馬田村 Ma Tin Tsuen, 新界 New Territories, HK, 00852, 中国",22.43663925,114.030914393695
新屯門中心,SUN TUEN MUN CENTRE,龍門路55-65號,55-65 LUNG MUN ROAD,新界西,NW,1990,1990,10,新鴻基/港鐵,SUN HUNG KAI/MTR,室外泳池、遊樂場 / 遊戲室、健身室、乒乓球室、壁球場、網球場、羽毛球場、閱讀室 / 溫習室、更衣室,Swimming Pool、Playground/Playroom、Gymnasium、Table Tennis、Squash Court、Tennis Court、Badminton Court、Reading/Study Room、Changing Room,http://hk.centadata.com/ptest.aspx?type=2&code=BGSSBPAXPS&ref=OpenData,SUN TUEN MUN CENTRE,"55-65, 新屯門中心 Sun Tuen Mun Centre, 望后石 Pillar Point, 青山村散石灣北 Tsing Shan Tsuen San Shek Wan North, 新界 New Territories, HK, 中国",22.38120395,113.964873396964
柏慧豪園,CENTRAL PARK TOWERS,天水圍,TIN SHUI WAI,新界西,NW,2007,2010,8,長江,CK HUTCHISON,室外泳池、兒童遊樂場 / 兒童遊戲室、按摩池、桑拿浴室、蒸氣浴室、桌球室、保齡球場、卡拉OK室、電影院、高爾夫球練習場、閱讀室 / 溫習室、太極圈、麻雀房、香薰水療,Swimming Pool、Children Playground/Play Room、Jacuzzi、Saunna Room、Steam Bath Room、Snooker Room、Bowling、Karaoke Room、Movie Theater、Golf Driving Range、Reading/Study Room、Tai Chi Circle、Marjong、Arome Spa,http://hk.centadata.com/ptest.aspx?type=3&code=BSPPWPPJPP&ref=OpenData,CENTRAL PARK TOWERS,"2, 栢慧豪園 Central Park Towers, 十八鄉 Shap Pat Heung, 天水圍 Tin Shui Wai, 新界 New Territories, HK, 00852, 中国",22.45938785,114.001095729934
粉嶺中心,FANLING CENTRE,新運路33號,SAN WAN ROAD,新界東,NE,1990,1991,11,恆基,HENDERSON LAND,室外泳池、兒童遊樂場 / 兒童遊戲室、乒乓球室、網球場、平台花園、休憩雅座,Swimming Pool、Children Playground/Play Room、Table Tennis、Tennis Court、Terrence Garden、Open Lounge,http://hk.centadata.com/ptest.aspx?type=3&code=BYSPWPDOPA&ref=OpenData,FANLING CENTRE,"粉嶺中心 Fanling Centre, 和合石 Wo Hop Shek, 蝴蝶山村 Wu Tip Shan Village, 新界 New Territories, HK, 中国",22.49026145,114.141741890986
海典灣,OCEAN VIEW,保泰銜1號,1 PO TAI STREET,新界東,NE,2003,2003,5,信和,SINO GROUP,室外泳池、兒童遊樂場 / 兒童遊戲室、按摩池、桑拿浴室、蒸氣浴室、乒乓球室、網球場、音樂室、電腦室、美容中心、健康舞室,Swimming Pool、Children Playground/Play Room、Jacuzzi、Saunna Room、Steam Bath Room、Table Tennis、Tennis Court、Music Room、Computer Room、Beauty Salon、Aerobic Studio,http://hk.centadata.com/ptest.aspx?type=2&code=DBPPWPPHPD&ref=OpenData,OCEAN VIEW,"Ocean View, Sussex County, Delaware, United States of America",38.5451122,-75.0890708
御龍山,THE PALAZZO,樂景街28號,28 LOK KING STREET,新界東,NE,2008,2008,10,信和,SINO GROUP,室內泳池、室外泳池、兒童嬉水池、兒童遊樂場 / 兒童遊戲室、健身室、桑拿浴室、蒸氣浴室、乒乓球室、網球場、保齡球場、卡拉OK室、電影院、音樂室、宴會廳、健康舞室、香薰水療,Indoor Swimming Pool、Swimming Pool、Children's Pool、Children Playground/Play Room、Gymnasium、Saunna Room、Steam Bath Room、Table Tennis、Tennis Court、Bowling、Karaoke Room、Movie Theater、Music Room、Ball Room、Aerobic Studio、Arome Spa,http://hk.centadata.com/ptest.aspx?type=2&code=DBPPWPPYPA&ref=OpenData,THE PALAZZO,"The Palazzo, 3325, South Las Vegas Boulevard, Hughes Center, Paradise, Clark County, Nevada, 89109, United States of America",36.1241843,-115.168270860985
翠擁華庭,MONTE VISTA,沙安街9號,9 SHA ON STREET,新界東,NE,2000,2000,12,和記黃埔,HUTCHISON WHAMPOA,室內泳池、室外泳池、兒童遊樂場 / 兒童遊戲室、健身室、桑拿浴室、乒乓球室、壁球場、桌球室、保齡球場、電影院、高爾夫球練習場、宴會廳、健康舞室,Indoor Swimming Pool、Swimming Pool、Children Playground/Play Room、Gymnasium、Saunna Room、Table Tennis、Squash Court、Snooker Room、Bowling、Movie Theater、Golf Driving Range、Ball Room、Aerobic Studio,http://hk.centadata.com/ptest.aspx?type=2&code=DBPPWPPYPD&ref=OpenData,MONTE VISTA,"Monte Vista, Placer County, California, United States of America",39.1865648,-120.8327161
海柏花園,BAYSHORE TOWERS,西沙路608號,608 SAI SHA ROAD,新界東,NE,1994,1994,6,長江,CK HUTCHISON,室外泳池、兒童遊樂場 / 兒童遊戲室、園林花園,Swimming Pool、Children Playground/Play Room、Landscape Garden,http://hk.centadata.com/ptest.aspx?type=2&code=DFRRURJVRV&ref=OpenData,BAYSHORE TOWERS,"608, 海栢花園 Bayshore Towers, 烏溪沙 Wu Kai Sha, 馬鞍山 Ma On Shan, 新界 New Territories, HK, 00000, 中国",22.42540605,114.231416253391
新寶城,LA CITE NOBLE,銀澳路1號,1 NGAN O ROAD,九龍,KL,1999,1999,6,恆基,HENDERSON,室外泳池、兒童遊樂場 / 兒童遊戲室、健身室、按摩池、日光浴場、桑拿浴室、蒸氣浴室、乒乓球室、壁球場、網球場、桌球室、卡拉OK室、燒烤場、高爾夫球練習場、音樂室、閱讀室 / 溫習室、圖書館、電腦室、健康舞室、電腦哥爾夫球練習室,Swimming Pool、Children Playground/Play Room、Gymnasium、Jacuzzi、Solarium、Saunna Room、Steam Bath Room、Table Tennis、Squash Court、Tennis Court、Snooker Room、Karaoke Room、Barbecue Area、Golf Driving Range、Music Room、Reading/Study Room、Library、Computer Room、Aerobic Studio、Golf Simulator,http://hk.centadata.com/ptest.aspx?type=2&code=DJODQRSJRQ&ref=OpenData,LA CITE NOBLE,"新寶城 La Cite Noble, 坑口 Hang Hau, 田下灣村, 新界 New Territories, HK, 中国",22.3139546,114.266294126227
東港城,EAST POINT CITY,重華路8號,8 CHUNG WA ROAD,九龍,KL,1997,1997,7,新鴻基,SUN HUNG KAI,室外泳池、兒童嬉水池、兒童遊樂場 / 兒童遊戲室、健身室、桑拿浴室、壁球場、網球場、籃球場、羽毛球場、桌球室、閱讀室 / 溫習室、宴會廳、健康舞室,Swimming Pool、Children's Pool、Children Playground/Play Room、Gymnasium、Saunna Room、Squash Court、Tennis Court、Basketball Court、Badminton Court、Snooker Room、Reading/Study Room、Ball Room、Aerobic Studio,http://hk.centadata.com/ptest.aspx?type=2&code=DJRRQRSJRQ&ref=OpenData,EAST POINT CITY,"東港城 East Point City, 坑口 Hang Hau, 田下灣村, 新界 New Territories, HK, 中国",22.31633365,114.265515617795
愉景新城,DISCOVERY PARK,青山公路荃灣段398號,398 CASTLE PEAK ROAD TSUEN WAN,新界西,NW,1997,1998,12,新世界/香港興業,NEW WORLD/HKR INTERNATIONAL,室外泳池、兒童遊樂場 / 兒童遊戲室、健身室、桑拿浴室、蒸氣浴室、乒乓球室、壁球場、網球場、羽毛球場、電影院、高爾夫球練習場、閱讀室 / 溫習室、緩跑徑、宴會廳、舞蹈室、健康舞室,Swimming Pool、Children Playground/Play Room、Gymnasium、Saunna Room、Steam Bath Room、Table Tennis、Squash Court、Tennis Court、Badminton Court、Movie Theater、Golf Driving Range、Reading/Study Room、Jogging Trail、Ball Room、Dance Studio、Aerobic Studio,http://hk.centadata.com/ptest.aspx?type=3&code=DMHSZHHRHD&ref=OpenData,DISCOVERY PARK,"398, 愉景新城 Discovery Park, 葵涌 Kwai Chung, 荃灣 Tsuen Wan, 新界 New Territories, HK, 中国",22.3758981,114.111893698592
麗都花園,LIDO GARDEN,青山公路深井41-63號,41-63 CASTLE PEAK ROAD SHAM TSENG,新界西,NW,1989,1989,5,長江/熊谷組,CK HUTCHISON/KUMAGAI GUMI,室外泳池、健身室、按摩池、網球場、平台花園,Swimming Pool、Gymnasium、Jacuzzi、Tennis Court、Terrence Garden,http://hk.centadata.com/ptest.aspx?type=2&code=DZHHZHTYHH&ref=OpenData,LIDO GARDEN,"41-63, 麗都花園 Lido Garden, 深井 Sham Tseng, 深井舊村 Sham Tseng Kau Tsuen, 新界 New Territories, HK, 中国",22.36651825,114.059448491638
華景山莊,WONDERLAND VILLAS,華景山路9號,9 WAH KING HILL ROAD,九龍,KL,1984,1987,22,新鴻基/恆基,SUN HUNG KAI/HENDERSON,室外泳池、兒童遊樂場 / 兒童遊戲室、遊樂場 / 遊戲室、健身室、桑拿浴室、乒乓球室、壁球場、網球場、桌球室、閱讀室 / 溫習室、迷你酒吧,Swimming Pool、Children Playground/Play Room、Playground/Playroom、Gymnasium、Saunna Room、Table Tennis、Squash Court、Tennis Court、Snooker Room、Reading/Study Room、Mnin Bar,http://hk.centadata.com/ptest.aspx?type=2&code=EBBKWPWEPD&ref=OpenData,WONDERLAND VILLAS,"9, 華景山莊 Wonderland Villas, 下葵涌 Ha Kwai Chung, 長坑村 Cheung Hang Village, 新界 New Territories, HK, 中国",22.35362165,114.135627450284
畢架山一號,ONE BEACON HILL,畢架山1號,1 BEACON HILL ROAD,九龍,KL,2004,2004,16,長江,CK HUTCHISON,室內泳池、室外泳池、健身室、桑拿浴室、桌球室、電影院、音樂室、宴會廳,Indoor Swimming Pool、Swimming Pool、Gymnasium、Saunna Room、Snooker Room、Movie Theater、Music Room、Ball Room,http://hk.centadata.com/ptest.aspx?type=3&code=EDPPWPPJPS&ref=OpenData,ONE BEACON HILL,"1, 畢架山一號 One Beacon Hill, 九龍塘 Kowloon Tong, 九龍 Kowloon, 九龍城區 Kowloon City District, 九龍 Kowloon, HK, 852, 中国",22.34200955,114.175770645231
君頤峰,PARC PALAIS,京士柏衛理道18號,18 KING'S PARK WYLIE ROAD,九龍,KL,2004,2004,8,新世界/信和/九龍倉/華人置業/萬泰,NEW WORLD/SINO GROUP/THE WHARF/CHINESE ESTATES/MANHATTAN GARMENTS,室內泳池、室外泳池、兒童遊樂場 / 兒童遊戲室、遊樂場 / 遊戲室、健身室、桑拿浴室、網球場、桌球室、閱讀室 / 溫習室、宴會廳、更衣室,Indoor Swimming Pool、Swimming Pool、Children Playground/Play Room、Playground/Playroom、Gymnasium、Saunna Room、Tennis Court、Snooker Room、Reading/Study Room、Ball Room、Changing Room,http://hk.centadata.com/ptest.aspx?type=2&code=EEPPWPPEPG&ref=OpenData,PARC PALAIS,"君頤峰 Parc Palais, 油麻地 Yau Ma Tei, 油尖旺區 Yau Tsim Mong District, 九龍 Kowloon, HK, 852, 中国",22.31031555,114.177004870856
港灣豪庭,METRO HARBOUR VIEW,福利街8號,8 FUK LEE STREET,九龍,KL,2003,2003,10,恆基/香港小輪,HENDERSON/HONG KONG FERRY,室外泳池、兒童遊樂場 / 兒童遊戲室、健身室、桑拿浴室、蒸氣浴室、乒乓球室、壁球場、羽毛球場、桌球室、保齡球場、卡拉OK室、音樂室、閱讀室 / 溫習室、圖書館、宴會廳、舞蹈室、電腦哥爾夫球練習室,Swimming Pool、Children Playground/Play Room、Gymnasium、Saunna Room、Steam Bath Room、Table Tennis、Squash Court、Badminton Court、Snooker Room、Bowling、Karaoke Room、Music Room、Reading/Study Room、Library、Ball Room、Dance Studio、Golf Simulator,http://hk.centadata.com/ptest.aspx?type=3&code=EEPPWPPEPS&ref=OpenData,METRO HARBOUR VIEW,"8, 港灣豪庭 Metro Harbour View, 大角咀 Tai Kok Tsui, 油尖旺區 Yau Tsim Mong District, 九龍 Kowloon, HK, 852, 中国",22.32450885,114.160443979597
柏景灣,PARK AVENUE,海庭道18號,18 HOI TING ROAD,九龍,KL,2001,2001,9,信和/港鐵,SINO/MTR,室內泳池、室外泳池、兒童嬉水池、兒童遊樂場 / 兒童遊戲室、健身室、日光浴場、桑拿浴室、蒸氣浴室、乒乓球室、壁球場、網球場、籃球場、羽毛球場、桌球室、高爾夫球練習場、浴足池 / 健足按摩室、健康舞室,Indoor Swimming Pool、Swimming Pool、Children's Pool、Children Playground/Play Room、Gymnasium、Solarium、Saunna Room、Steam Bath Room、Table Tennis、Squash Court、Tennis Court、Basketball Court、Badminton Court、Snooker Room、Golf Driving Range、Foot Massage、Aerobic Studio,http://hk.centadata.com/ptest.aspx?type=3&code=EEPPWPPEPW&ref=OpenData,PARK AVENUE,"Park Avenue, Murray Hill, Manhattan, New York County, NYC, New York, 10016, United States of America",40.7506369,-73.9786678
維港灣,ISLAND HARBOURVIEW,海輝道11號,11 HOI FAI ROAD,九龍,KL,2000,2000,9,信和置業/中銀香港/星展銀行/嘉里建設/港鐵,SINO GROUP/BOC/DBS/KERRY/MTR,室內泳池、室外泳池、兒童嬉水池、兒童遊樂場 / 兒童遊戲室、健身室、桑拿浴室、蒸氣浴室、乒乓球室、壁球場、網球場、羽毛球場、桌球室、高爾夫球練習場、健康舞室,Indoor Swimming Pool、Swimming Pool、Children's Pool、Children Playground/Play Room、Gymnasium、Saunna Room、Steam Bath Room、Table Tennis、Squash Court、Tennis Court、Badminton Court、Snooker Room、Golf Driving Range、Aerobic Studio,http://hk.centadata.com/ptest.aspx?type=2&code=EEPPWPPJPW&ref=OpenData,ISLAND HARBOURVIEW,"維港灣 Island Harbourview, 大角咀 Tai Kok Tsui, 油尖旺區 Yau Tsim Mong District, 九龍 Kowloon, HK, 852, 中国",22.31926855,114.157328850129
君匯港,HARBOUR GREEN,海暉道,HOI FAI ROAD,九龍,KL,2006,2006,5,新鴻基/香港鐵路,SUN HUNG KAI/MTR,室內泳池、室外泳池、兒童遊樂場 / 兒童遊戲室、遊樂場 / 遊戲室、健身室、按摩池、桑拿浴室、蒸氣浴室、乒乓球室、桌球室、卡拉OK室、音樂室、閱讀室 / 溫習室、宴會廳、美容中心、園林花園、空中花園、休憩雅座、多用途活動室,Indoor Swimming Pool、Swimming Pool、Children Playground/Play Room、Playground/Playroom、Gymnasium、Jacuzzi、Saunna Room、Steam Bath Room、Table Tennis、Snooker Room、Karaoke Room、Music Room、Reading/Study Room、Ball Room、Beauty Salon、Landscape Garden、Sky Garden、Open Lounge、Multi-purpose Room,http://hk.centadata.com/ptest.aspx?type=2&code=EEPPWPPYPW&ref=OpenData,HARBOUR GREEN,"君滙港 Harbour Green, 大角咀 Tai Kok Tsui, 油尖旺區 Yau Tsim Mong District, 九龍 Kowloon, HK, 852, 中国",22.32165285,114.159196868803
泓景臺,BANYAN GARDEN,荔枝角道863號,863 LAI CHI KOK ROAD,九龍,KL,2003,2004,7,長江,CK HUTCHISON,室內泳池、室外泳池、兒童遊樂場 / 兒童遊戲室、健身室、按摩池、日光浴場、桑拿浴室、乒乓球室、壁球場、籃球場、桌球室、卡拉OK室、電影院、可養狗、音樂室、閱讀室 / 溫習室、圖書館、電腦室、緩跑徑、宴會廳、健康舞室,Indoor Swimming Pool、Swimming Pool、Children Playground/Play Room、Gymnasium、Jacuzzi、Solarium、Saunna Room、Table Tennis、Squash Court、Basketball Court、Snooker Room、Karaoke Room、Movie Theater、Pet Friendly、Music Room、Reading/Study Room、Library、Computer Room、Jogging Trail、Ball Room、Aerobic Studio,http://hk.centadata.com/ptest.aspx?type=3&code=EGPPWPPEPK&ref=OpenData,BANYAN GARDEN,"863, 泓景臺 Banyan Garden, 長沙灣 Cheung Sha Wan, 深水埗區 Sham Shui Po District, 九龍 Kowloon, HK, 852, 中国",22.3344926,114.14761880142
曼克頓山,MANHATTAN HILL,寶輪街1號,1 PO LUN STREET,九龍,KL,2006,2006,5,新鴻基,SUN HUNG KAI,室內泳池、室外泳池、兒童遊樂場 / 兒童遊戲室、健身室、蒸氣浴室、乒乓球室、桌球室、電影院、音樂室、宴會廳、美容中心、柔道 / 瑜伽練習室,Indoor Swimming Pool、Swimming Pool、Children Playground/Play Room、Gymnasium、Steam Bath Room、Table Tennis、Snooker Room、Movie Theater、Music Room、Ball Room、Beauty Salon、Judo/Yoga Room,http://hk.centadata.com/ptest.aspx?type=2&code=EGPPWPPEPP&ref=OpenData,MANHATTAN HILL,"1, 曼克頓山 Manhattan Hill, 荔枝角 Lai Chi Kok, 深水埗區 Sham Shui Po District, 九龍 Kowloon, HK, 852, 中国",22.33498965,114.142466229885
昇悅居,LIBERTE,荔枝角道833號,833 LAI CHI KOK ROAD,九龍,KL,2003,2003,7,新鴻基/信德,SUN HUNG KAI/SHUN TAK,室內泳池、室外泳池、健身室、按摩池、桑拿浴室、蒸氣浴室、乒乓球室、網球場、桌球室、保齡球場、電影院、燒烤場、高爾夫球練習場、圖書館、浴足池 / 健足按摩室、緩跑徑、宴會廳、美容中心、舞蹈室,Indoor Swimming Pool、Swimming Pool、Gymnasium、Jacuzzi、Saunna Room、Steam Bath Room、Table Tennis、Tennis Court、Snooker Room、Bowling、Movie Theater、Barbecue Area、Golf Driving Range、Library、Foot Massage、Jogging Trail、Ball Room、Beauty Salon、Dance Studio,http://hk.centadata.com/ptest.aspx?type=2&code=EGPPWPPJPK&ref=OpenData,LIBERTE,"Liberte, Kwilu, Bandundu, Kwilu, République démocratique du Congo",-5.0247799,17.84732
黃埔新村,WHAMPOA ESTATE,民泰街39號,39 MAN TAI STREET,九龍,KL,1976,1978,25,成都物業,成都物業,,,http://hk.centadata.com/ptest.aspx?type=2&code=EKGBPPBSPB&ref=OpenData,WHAMPOA ESTATE,"黃埔新邨 Whampoa Estate, 紅磡 Hung Hom, 九龍 Kowloon, 九龍城區 Kowloon City District, 九龍 Kowloon, HK, 852, 中国",22.306114,114.187945976585
傲雲峰,SKY TOWER,宋皇臺道38號,38 SUNG WONG TOI ROAD,九龍,KL,2004,2004,6,新世界/長江/上海實業,NEW WORLD/CK HUTCHISON/SHANGHAI IND INV,室外泳池、兒童嬉水池、兒童遊樂場 / 兒童遊戲室、遊樂場 / 遊戲室、健身室、按摩池、日光浴場、桑拿浴室、蒸氣浴室、乒乓球室、壁球場、籃球場、羽毛球場、桌球室、卡拉OK室、電影院、音樂室、閱讀室 / 溫習室、電腦室、健康舞室、麻雀房、平台花園,Swimming Pool、Children's Pool、Children Playground/Play Room、Playground/Playroom、Gymnasium、Jacuzzi、Solarium、Saunna Room、Steam Bath Room、Table Tennis、Squash Court、Basketball Court、Badminton Court、Snooker Room、Karaoke Room、Movie Theater、Music Room、Reading/Study Room、Computer Room、Aerobic Studio、Marjong、Terrence Garden,http://hk.centadata.com/ptest.aspx?type=2&code=EKPPWPPEPE&ref=OpenData,SKY TOWER,"Sky Tower, 11th Street, Marina Square, Qasr al Bahr, Abu Dhabi, أبو ظبي, 42524, الإمارات العربيّة المتّحدة",24.4961734,54.4085200436274
海逸豪園,LAGUNA VERDE,海逸道8號,8 LARUNA VERDE AVENUE,九龍,KL,2000,2001,25,長江/中電,CK HUTCHISON/CLP,室外泳池、兒童嬉水池、兒童遊樂場 / 兒童遊戲室、健身室、按摩池、桑拿浴室、蒸氣浴室、乒乓球室、壁球場、網球場、籃球場、桌球室、卡拉OK室、高爾夫球練習場、音樂室、閱讀室 / 溫習室、圖書館、電腦室、舞蹈室,Swimming Pool、Children's Pool、Children Playground/Play Room、Gymnasium、Jacuzzi、Saunna Room、Steam Bath Room、Table Tennis、Squash Court、Tennis Court、Basketball Court、Snooker Room、Karaoke Room、Golf Driving Range、Music Room、Reading/Study Room、Library、Computer Room、Dance Studio,http://hk.centadata.com/ptest.aspx?type=3&code=EKPPWPPEPK&ref=OpenData,LAGUNA VERDE,"Laguna Verde, Yacopí, Cundinamarca, Colombia",5.5597752,-74.3904286
翔龍灣,GRAND WATERFRONT,新碼頭街38號,38 SAN MA TAU STREET,九龍,KL,2006,2006,5,恆基/中華煤氣,HENDERSON/TOWN GAS,室外泳池、兒童嬉水池、健身室、按摩池、日光浴場、桑拿浴室、蒸氣浴室、桌球室、保齡球場、卡拉OK室、電影院、燒烤場、高爾夫球練習場、音樂室、電腦室、浴足池 / 健足按摩室、宴會廳、太極圈、健康舞室、香薰水療,Swimming Pool、Children's Pool、Gymnasium、Jacuzzi、Solarium、Saunna Room、Steam Bath Room、Snooker Room、Bowling、Karaoke Room、Movie Theater、Barbecue Area、Golf Driving Range、Music Room、Computer Room、Foot Massage、Ball Room、Tai Chi Circle、Aerobic Studio、Arome Spa,http://hk.centadata.com/ptest.aspx?type=2&code=EKPPWPPYPE&ref=OpenData,GRAND WATERFRONT,"38, 翔龍灣 Grand Waterfront, 土瓜灣 To Kwa Wan, 九龍 Kowloon, 九龍城區 Kowloon City District, 九龍 Kowloon, HK, 852, 中国",22.31924455,114.193575860103
擎天半島,SORRENTO,柯士甸道西1號,1 AUSTIN ROAD WEST,九龍,KL,2002,2003,5,會德豐/九倉/港鐵,WHEELOCK/THE WHARF/MTR,室外泳池、兒童嬉水池、兒童遊樂場 / 兒童遊戲室、健身室、按摩池、桑拿浴室、蒸氣浴室、乒乓球室、壁球場、網球場、籃球場、羽毛球場、桌球室、圖書館、宴會廳、太極圈、美容中心、健康舞室,Swimming Pool、Children's Pool、Children Playground/Play Room、Gymnasium、Jacuzzi、Saunna Room、Steam Bath Room、Table Tennis、Squash Court、Tennis Court、Basketball Court、Badminton Court、Snooker Room、Library、Ball Room、Tai Chi Circle、Beauty Salon、Aerobic Studio,http://hk.centadata.com/ptest.aspx?type=3&code=ESPPWPPEPD&ref=OpenData,SORRENTO,"Sorrento, NA, CAM, Italia",40.624906,14.374836
港景峰,THE VICTORIA TOWERS,廣東道188號,188 CANTON ROAD,九龍,KL,2002,2002,3,長江/和記黃埔/中信,CK HUTCHISON/HUTCHISON WHAMPOA /CITIC,健身室、按摩池、桑拿浴室、蒸氣浴室、電影院、電腦室、美容中心、舞蹈室,Gymnasium、Jacuzzi、Saunna Room、Steam Bath Room、Movie Theater、Computer Room、Beauty Salon、Dance Studio,http://hk.centadata.com/ptest.aspx?type=2&code=ESPPWPPEPS&ref=OpenData,THE VICTORIA TOWERS,"188, 港景峰 The Victoria Towers, 尖沙咀 Tsim Sha Tsui, 油尖旺區 Yau Tsim Mong District, 九龍 Kowloon, HK, 852, 中国",22.3022794,114.168542736626
凱旋門,THE ARCH, 柯士甸道西1號,1 AUSTIN ROAD WEST,九龍,KL,2005,2005,4,新鴻基/港鐵,SUN HUNG KAI/MTR,室內泳池、兒童遊樂場 / 兒童遊戲室、健身室、按摩池、日光浴場、桑拿浴室、蒸氣浴室、乒乓球室、桌球室、閱讀室 / 溫習室、圖書館,Indoor Swimming Pool、Children Playground/Play Room、Gymnasium、Jacuzzi、Solarium、Saunna Room、Steam Bath Room、Table Tennis、Snooker Room、Reading/Study Room、Library,http://hk.centadata.com/ptest.aspx?type=2&code=ESPPWPPHPD&ref=OpenData,THE ARCH,"1, 凱旋門 The Arch, 西九龍 West Kowloon, 油尖旺區 Yau Tsim Mong District, 九龍 Kowloon, HK, 852, 中国",22.30369785,114.163089682594
漾日居,THE WATERFRONT,柯士甸道西1號,1 AUSTIN ROAD WEST,九龍,KL,2000,2000,6,永泰/港鐵及其他,WING TAI/MTR & OTHERS,室外泳池、兒童遊樂場 / 兒童遊戲室、健身室、桑拿浴室、蒸氣浴室、乒乓球室、壁球場、網球場、羽毛球場、桌球室、高爾夫球練習場,Swimming Pool、Children Playground/Play Room、Gymnasium、Saunna Room、Steam Bath Room、Table Tennis、Squash Court、Tennis Court、Badminton Court、Snooker Room、Golf Driving Range,http://hk.centadata.com/ptest.aspx?type=3&code=ESPPWPPJPS&ref=OpenData,THE WATERFRONT,"1, 漾日居 The Waterfront, 西九龍 West Kowloon, 油尖旺區 Yau Tsim Mong District, 九龍 Kowloon, HK, 852, 中国",22.30519035,114.163098652444
麗港城,LAGUNA CITY,麗港街1號,1 LAGUNA STREET,九龍,KL,1990,1994,38,長江/蜆殼石油/和記黃埔,CK HUTCHISON/SHELL/HUTCHISON WHAMPOA,室外泳池、蒸氣浴室、壁球場、網球場、籃球場、羽毛球場、桌球室、卡拉OK室、閱讀室 / 溫習室、緩跑徑、健康舞室,Swimming Pool、Steam Bath Room、Squash Court、Tennis Court、Basketball Court、Badminton Court、Snooker Room、Karaoke Room、Reading/Study Room、Jogging Trail、Aerobic Studio,http://hk.centadata.com/ptest.aspx?type=3&code=EWAPBPKEPP&ref=OpenData,LAGUNA CITY,"麗港城 Laguna City, 觀塘 Kwun Tong, 觀塘區 Kwun Tong District, 九龍 Kowloon, HK, 中国",22.30601985,114.227955504403
匯景花園,SCENEWAY GARDEN,匯景道8號,8 SCENEWAY ROAD,九龍,KL,1991,1992,17,長江,CK HUTCHISON,室外泳池、兒童嬉水池、兒童遊樂場 / 兒童遊戲室、健身室、桑拿浴室、蒸氣浴室、乒乓球室、壁球場、網球場、籃球場、羽毛球場、桌球室、音樂室、閱讀室 / 溫習室、電腦室、緩跑徑、舞蹈室、平台花園,Swimming Pool、Children's Pool、Children Playground/Play Room、Gymnasium、Saunna Room、Steam Bath Room、Table Tennis、Squash Court、Tennis Court、Basketball Court、Badminton Court、Snooker Room、Music Room、Reading/Study Room、Computer Room、Jogging Trail、Dance Studio、Terrence Garden,http://hk.centadata.com/ptest.aspx?type=2&code=EWGYWPWXPD&ref=OpenData,SCENEWAY GARDEN,"8, 匯景花園 Sceneway Garden, 藍田 Lam Tin, 觀塘區 Kwun Tong District, 九龍 Kowloon, HK, 中国",22.3068428,114.233600542331
淘大花園,AMOY GARDENS,牛頭角道77號,77 NGAU TAU KOK ROAD,九龍,KL,1981,1987,19,恆隆,HANG LUNG,室外泳池、兒童遊樂場 / 兒童遊戲室、網球場、桌球室、保齡球場、燒烤場、音樂室,Swimming Pool、Children Playground/Play Room、Tennis Court、Snooker Room、Bowling、Barbecue Area、Music Room,http://hk.centadata.com/ptest.aspx?type=3&code=EWKSBPYOPS&ref=OpenData,AMOY GARDENS,"77, 淘大花園 Amoy Gardens, 牛頭角 Ngau Tau Kok, 觀塘區 Kwun Tong District, 九龍 Kowloon, HK, 852, 中国",22.3244938,114.216555523664
譽‧港灣,THE LATITUDE,太子道東638號,638 PRINCE EDWARD ROAD EAST,九龍,KL,2010,2010,7,新鴻基,SUN HUNG KAI,室內泳池、室外泳池、兒童遊樂場 / 兒童遊戲室、健身室、按摩池、桌球室、保齡球場、卡拉OK室、電影院、燒烤場、音樂室、宴會廳,Indoor Swimming Pool、Swimming Pool、Children Playground/Play Room、Gymnasium、Jacuzzi、Snooker Room、Bowling、Karaoke Room、Movie Theater、Barbecue Area、Music Room、Ball Room,http://hk.centadata.com/ptest.aspx?type=2&code=EYPPWWPEWK&ref=OpenData,THE LATITUDE,"638, 譽·港灣 The Latitude, 新蒲崗 San Po Kong, 黃大仙區 Wong Tai Sin District, 九龍 Kowloon, HK, 852, 中国",22.33339155,114.196773365464
御皇庭,ROYAL GREEN,清曉路18號,18 CHING HIU ROAD,新界東,NE,2006,2006,3,恆基兆業/爪哇,HENDERSON/SEA GROUP,室外泳池、健身室、桑拿浴室、乒乓球室、卡拉OK室、電影院、可養狗、音樂室、圖書館、宴會廳、美容中心,Swimming Pool、Gymnasium、Saunna Room、Table Tennis、Karaoke Room、Movie Theater、Pet Friendly、Music Room、Library、Ball Room、Beauty Salon,http://hk.centadata.com/ptest.aspx?type=2&code=GEPPWPPEPD&ref=OpenData,ROYAL GREEN,"Royal Green, Urbanización Sitio de Calahonda, Mijas, Málaga, Andalucía, 29650, España",36.5047472,-4.7092923
皇府山,NOBLE HILL,馬適路38號,38 MA SIK ROAD,新界東,NE,2006,2006,7,新鴻基,SUN HUNG KAI,室內泳池、兒童嬉水池、兒童遊樂場 / 兒童遊戲室、健身室、按摩池、蒸氣浴室、籃球場、桌球室、可養狗、圖書館、宴會廳,Indoor Swimming Pool、Children's Pool、Children Playground/Play Room、Gymnasium、Jacuzzi、Steam Bath Room、Basketball Court、Snooker Room、Pet Friendly、Library、Ball Room,http://hk.centadata.com/ptest.aspx?type=2&code=GEPPWPPHPK&ref=OpenData,NOBLE HILL,"38, 皇府山 Noble Hill, 聯和墟 Luen Wo Hui, 石湖新村 Shek Wu San Tsuen, 新界 New Territories, HK, 中国",22.5036402,114.135818489928
帝庭軒,REGENTVILLE,和滿街8-9號,8-9 WO MUN STREET,新界東,NE,2000,2002,7,信和/萬泰製衣,SINO/MANHATTAN GARMENTS,室外泳池、兒童嬉水池、兒童遊樂場 / 兒童遊戲室、健身室、按摩池、日光浴場、桑拿浴室、蒸氣浴室、壁球場、網球場、卡拉OK室、燒烤場、高爾夫球練習場、閱讀室 / 溫習室、電腦室、浴足池 / 健足按摩室、緩跑徑、美容中心,Swimming Pool、Children's Pool、Children Playground/Play Room、Gymnasium、Jacuzzi、Solarium、Saunna Room、Steam Bath Room、Squash Court、Tennis Court、Karaoke Room、Barbecue Area、Golf Driving Range、Reading/Study Room、Computer Room、Foot Massage、Jogging Trail、Beauty Salon,http://hk.centadata.com/ptest.aspx?type=3&code=GEPPWPPOPB&ref=OpenData,REGENTVILLE,"Regentville, Sydney, Penrith, NSW, Australia",-33.770835,150.6616622
新峰花園,CLASSICAL GARDENS,馬窩路10號,10 MA WO ROAD,新界東,NE,1994,1997,27,1、3及4期信和；2期信和及中國海外,"PHASE 1,3,4 - SINO ; PHASE 2 - SINO, CHINA OVERSEA",室內泳池、室外泳池、兒童遊樂場 / 兒童遊戲室、健身室、桑拿浴室、蒸氣浴室、乒乓球室、壁球場、網球場、羽毛球場、桌球室、卡拉OK室、可養狗、高爾夫球練習場、音樂室、閱讀室 / 溫習室、健康舞室,Indoor Swimming Pool、Swimming Pool、Children Playground/Play Room、Gymnasium、Saunna Room、Steam Bath Room、Table Tennis、Squash Court、Tennis Court、Badminton Court、Snooker Room、Karaoke Room、Pet Friendly、Golf Driving Range、Music Room、Reading/Study Room、Aerobic Studio,http://hk.centadata.com/ptest.aspx?type=3&code=GWPSPPYSPG&ref=OpenData,CLASSICAL GARDENS,"10, 新峰花園第1期 Classical Gardens Phase 1, 馬窩 Ma Wo, 大埔 Tai Po, 新界 New Territories, HK, 中国",22.44200715,114.161416978613
太湖花園,SERENITY PARK,大埔頭路18號,18 TAI PO TAU ROAD,新界東,NE,1992,1994,15,信和/中國海外,SINO/CHINA OVERSEA,室內泳池、室外泳池、遊樂場 / 遊戲室、健身室、桑拿浴室、乒乓球室、壁球場、網球場、桌球室、音樂室、健康舞室,Indoor Swimming Pool、Swimming Pool、Playground/Playroom、Gymnasium、Saunna Room、Table Tennis、Squash Court、Tennis Court、Snooker Room、Music Room、Aerobic Studio,http://hk.centadata.com/ptest.aspx?type=3&code=GWSBPPDYPB&ref=OpenData,SERENITY PARK,"Serenity Park, Tipas, Taguig, Metro Manila, 1633, Philippines",14.519275,121.0699067
帝堡城,CASTELLO,小瀝源路69號,69 SIU LEK YUEN ROAD,新界東,NE,1999,1999,7,新鴻基,SUN HUNG KAI,室外泳池、兒童嬉水池、兒童遊樂場 / 兒童遊戲室、健身室、按摩池、桑拿浴室、蒸氣浴室、乒乓球室、壁球場、網球場、燒烤場、健康舞室,Swimming Pool、Children's Pool、Children Playground/Play Room、Gymnasium、Jacuzzi、Saunna Room、Steam Bath Room、Table Tennis、Squash Court、Tennis Court、Barbecue Area、Aerobic Studio,http://hk.centadata.com/ptest.aspx?type=2&code=GYDPPPBSPB&ref=OpenData,CASTELLO,"Castello, CO, LOM, Italia",46.0280867,9.0541987
聽濤雅苑,VISTA PARADISO, 恆明街2號,2 HANG MING STREET,新界東,NE,1998,1999,11,和記/協和建設,HUTCHISON WHAMPOA/協和建設,室外泳池、兒童嬉水池、健身室、日光浴場、桑拿浴室、乒乓球室、壁球場、網球場、桌球室、卡拉OK室、高爾夫球練習場、閱讀室 / 溫習室、健康舞室,Swimming Pool、Children's Pool、Gymnasium、Solarium、Saunna Room、Table Tennis、Squash Court、Tennis Court、Snooker Room、Karaoke Room、Golf Driving Range、Reading/Study Room、Aerobic Studio,http://hk.centadata.com/ptest.aspx?type=3&code=GYEBWPSEPB&ref=OpenData,VISTA PARADISO,"聽濤雅苑 Vista Paradiso, 大水坑 Tai Shui Hang, 馬鞍山 Ma On Shan, 新界 New Territories, HK, 00000, 中国",22.42000255,114.224490932945
富豪花園,BELAIR GARDENS,大涌橋路52號,52 TAI CHUNG KIU ROAD,新界東,NE,1982,1987,14,華懋,CHINACHEM,室外泳池、兒童遊樂場 / 兒童遊戲室、健身室、桑拿浴室、乒乓球室、壁球場、網球場、羽毛球場、多用途活動室,Swimming Pool、Children Playground/Play Room、Gymnasium、Saunna Room、Table Tennis、Squash Court、Tennis Court、Badminton Court、Multi-purpose Room,http://hk.centadata.com/ptest.aspx?type=2&code=GYEWPPGXPS&ref=OpenData,BELAIR GARDENS,"富豪花園 Belair Gardens, 圓洲角 Yuen Chau Kok, 沙田 Sha Tin, 新界 New Territories, HK, 00000, 中国",22.3852959,114.199399883303
駿景園,ROYAL ASCOT,駿景路1號,1 TSUN KING ROAD,新界東,NE,1995,1996,10,新鴻基/港鐵,SUN HUNG KAI/MTR,室內泳池、室外泳池、兒童嬉水池、兒童遊樂場 / 兒童遊戲室、健身室、按摩池、桑拿浴室、壁球場、網球場、籃球場、羽毛球場、高爾夫球練習場、緩跑徑、宴會廳、迷你酒吧、舞蹈室、健康舞室、園林花園,Indoor Swimming Pool、Swimming Pool、Children's Pool、Children Playground/Play Room、Gymnasium、Jacuzzi、Saunna Room、Squash Court、Tennis Court、Basketball Court、Badminton Court、Golf Driving Range、Jogging Trail、Ball Room、Mnin Bar、Dance Studio、Aerobic Studio、Landscape Garden,http://hk.centadata.com/ptest.aspx?type=3&code=GYPBBPWRPS&ref=OpenData,ROYAL ASCOT,"Royal Ascot, Milnerton, City of Cape Town, Western Cape, South Africa",-33.8621184,18.5059521
大埔中心,TAI PO CENTRE,安邦路9號,9 ON PONG ROAD,新界東,NE,1985,1987,22,新鴻基,SUN HUNG KAI,室外泳池、遊樂場 / 遊戲室、羽毛球場、可養狗,Swimming Pool、Playground/Playroom、Badminton Court、Pet Friendly,http://hk.centadata.com/ptest.aspx?type=3&code=GYWKPPKYPS&ref=OpenData,TAI PO CENTRE,"3, 大埔中心 Tai Po Centre, 大埔 Tai Po, 新界 New Territories, HK, 中国",22.45295185,114.171143824233
河畔花園,GARDEN RIVERA,大涌橋路20-30號,20-30 TAI CHUNG KIU ROAD,新界東,NE,1984,1984,6,恆基,HENDERSON,室外泳池、兒童遊樂場 / 兒童遊戲室、壁球場、網球場、羽毛球場,Swimming Pool、Children Playground/Play Room、Squash Court、Tennis Court、Badminton Court,http://hk.centadata.com/ptest.aspx?type=2&code=GYYYPPGOPS&ref=OpenData,GARDEN RIVERA,"20-30, 河畔花園 Garden Rivera, 圓洲角 Yuen Chau Kok, 沙田 Sha Tin, 新界 New Territories, HK, 00000, 中国",22.3812598,114.195500557587
豫豐花園,THE SHERWOOD,福亨村道8號,8 FUK HANG TSUEN ROAD,新界西,NW,2005,2005,12,恆基,HENDERSON,室外泳池、兒童嬉水池、兒童遊樂場 / 兒童遊戲室、健身室、按摩池、日光浴場、桑拿浴室、乒乓球室、桌球室、保齡球場、卡拉OK室、電影院、燒烤場、音樂室、閱讀室 / 溫習室、迷你酒吧、太極圈、美容中心、香薰水療,Swimming Pool、Children's Pool、Children Playground/Play Room、Gymnasium、Jacuzzi、Solarium、Saunna Room、Table Tennis、Snooker Room、Bowling、Karaoke Room、Movie Theater、Barbecue Area、Music Room、Reading/Study Room、Mnin Bar、Tai Chi Circle、Beauty Salon、Arome Spa,http://hk.centadata.com/ptest.aspx?type=2&code=KKPPWPPEPS&ref=OpenData,THE SHERWOOD,"Sherwood, The Bahamas",25.0419547,-77.2828072522204
星河明居,GALAXIA,龍蟠街3號,3 LUNG POON STREET,九龍,KL,1998,1998,5,會德豐/九龍倉/新亞置業/夏利文地產,WHEELOCK/WHARF/NEW PACIFIC/HARRIMAN,室外泳池、兒童嬉水池、兒童遊樂場 / 兒童遊戲室、健身室、按摩池、桑拿浴室、蒸氣浴室、壁球場、網球場、羽毛球場、桌球室、電影院、閱讀室 / 溫習室、健康舞室、麻雀房,Swimming Pool、Children's Pool、Children Playground/Play Room、Gymnasium、Jacuzzi、Saunna Room、Steam Bath Room、Squash Court、Tennis Court、Badminton Court、Snooker Room、Movie Theater、Reading/Study Room、Aerobic Studio、Marjong,http://hk.centadata.com/ptest.aspx?type=2&code=MSMTTHTVHT&ref=OpenData,GALAXIA,"La Galaxia, Benegiles, Zamora, Castilla y León, España",41.6423628,-5.6115911
德福花園,TELFORD GARDENS,偉業街33號,33 WAI YIP STREET,九龍,KL,1980,1982,21,合和/恆隆/港鐵,HOPEWELL/HANG LUNG/MTR,室外泳池、遊樂場 / 遊戲室、健身室、網球場、保齡球場,Swimming Pool、Playground/Playroom、Gymnasium、Tennis Court、Bowling,http://hk.centadata.com/ptest.aspx?type=2&code=MSNSTHSXHH&ref=OpenData,TELFORD GARDENS,"德福花園 Telford Garden, 九龍灣 Kowloon Bay, 觀塘區 Kwun Tong District, 九龍 Kowloon, HK, 852, 中国",22.32334125,114.212834233373
黃埔花園,WHAMPOA GARDEN,必嘉街121號,121 BAKER STREET,九龍,KL,1985,1991,88,和記黃埔,HUTCHISON WHAMPOA,室外泳池、遊樂場 / 遊戲室、健身室、壁球場、網球場、羽毛球場、緩跑徑,Swimming Pool、Playground/Playroom、Gymnasium、Squash Court、Tennis Court、Badminton Court、Jogging Trail,http://hk.centadata.com/ptest.aspx?type=3&code=MZDIIHHAHN&ref=OpenData,WHAMPOA GARDEN,"黃埔花園 Whampoa Garden, 船景街 Shung King Street, 馬頭角 Ma Tau Kok, 紅磡 Hung Hom, 九龍 Kowloon, 九龍城區 Kowloon City District, 九龍 Kowloon, HK, 852, 中国",22.3050731,114.1906306
邁亞美海灣,MIAMI BEACH TOWERS,湖翠路268號,268 WU CHUI ROAD,新界西,NW,1991,1991,6,信和,SINO GROUP,室外泳池、兒童遊樂場 / 兒童遊戲室、健身室、桑拿浴室、壁球場、網球場、羽毛球場、宴會廳,Swimming Pool、Children Playground/Play Room、Gymnasium、Saunna Room、Squash Court、Tennis Court、Badminton Court、Ball Room,http://hk.centadata.com/ptest.aspx?type=2&code=NXISIHSRHT&ref=OpenData,MIAMI BEACH TOWERS,"268, 邁亞美海灣 Miami Beach Towers, 望后石 Pillar Point, 青山村散石灣南 Tsing Shan Tsuen San Shek Wan South, 新界 New Territories, HK, 中国",22.372112,113.969315111456
海翠花園,PIERHEAD GARDEN,湖翠路168-236號,168-236 WU CHUI ROAD,新界西,NW,1988,1988,6,新世界/港鐵,NEW WORLD/MTR,室外泳池、兒童遊樂場 / 兒童遊戲室、網球場、緩跑徑,Swimming Pool、Children Playground/Play Room、Tennis Court、Jogging Trail,http://hk.centadata.com/ptest.aspx?type=2&code=NXMSIHSXHT&ref=OpenData,PIERHEAD GARDEN,"168-236, 海翠花園 Pierhead Garden, 望后石 Pillar Point, 青山村散石灣南 Tsing Shan Tsuen San Shek Wan South, 新界 New Territories, HK, 中国",22.37255015,113.966709659112
碧瑤灣,BAGUIO VILLA,域多利道 550 號,550 VICTORIA ROAD,香港,HK,1975,1979,33,新世界,NEW WORLD,室外泳池、兒童遊樂場 / 兒童遊戲室、網球場,Swimming Pool、Children Playground/Play Room、Tennis Court,http://hk.centadata.com/ptest.aspx?type=2&code=OJQCFRCORO&ref=OpenData,BAGUIO VILLA,"碧瑤灣 Baguio Villa (Lower), 薄扶林 Pok Fu Lam, 水菜田村 Shui Choi Tin Village, 南區 Southern District, 香港島 Hong Kong Island, HK, 2F, 中国",22.26170255,114.132221067933
會展中心 會景閣,CONVENTION PLAZA APARTMENTS,港灣道 1 號,1 HARBOUR ROAD,香港,HK,1989,1989,1,新世界,NEW WORLD,室外泳池、健身室,Swimming Pool、Gymnasium,http://hk.centadata.com/ptest.aspx?type=1&code=OQSRFRRVRS&ref=OpenData,CONVENTION PLAZA APARTMENTS,"Vilca Apartments, Convention Pl, Saipan, Saipan Municipality, Northern Mariana Islands, 96950, United States of America",15.2039188,145.729526826612
比華利山,BEVERLY HILL,樂活道 6 號,6 BROADWOOD ROAD,香港,HK,1988,1988,10,恆基,HENDERSON,室外泳池、健身室、桑拿浴室、壁球場、桌球室、屋苑專線巴士,Swimming Pool、Gymnasium、Saunna Room、Squash Court、Snooker Room、Estate Shuttle Bus,http://hk.centadata.com/ptest.aspx?type=2&code=OSRUUROHRS&ref=OpenData,BEVERLY HILL,"Beverly Hill, Collin County, Texas, United States of America",33.0692853,-96.4897096
太古城,TAIKOO SHING,太古灣道,TAIKOO WAN ROAD,香港,HK,1976,1987,61,太古,SWIRE,室外泳池、兒童遊樂場 / 兒童遊戲室、遊樂場 / 遊戲室、乒乓球室、網球場、羽毛球場、高爾夫球練習場,Swimming Pool、Children Playground/Play Room、Playground/Playroom、Table Tennis、Tennis Court、Badminton Court、Golf Driving Range,http://hk.centadata.com/ptest.aspx?type=3&code=OVDUURFSRJ&ref=OpenData,TAIKOO SHING,"太古城安盛臺 On Shing Terrace, Taikoo Shing (Stage V), 鰂魚涌 Quarry Bay, 東區 Eastern District, 香港島 Hong Kong Island, HK, 999077, 中国",22.2868075,114.214439
港運城,ISLAND PLACE,丹拿道 51-61 號,51-61 TANNER ROAD,香港,HK,1996,1996,3,太古/中巴,SWIRE/CHINA MOTOR BUS,室外泳池、兒童遊樂場 / 兒童遊戲室、平台花園,Swimming Pool、Children Playground/Play Room、Terrence Garden,http://hk.centadata.com/ptest.aspx?type=2&code=OVQOFRFYRQ&ref=OpenData,ISLAND PLACE,"500, 港運城 Island Place, 北角 North Point, 東區 Eastern District, 香港島 Hong Kong Island, HK, 999077, 中国",22.29109215,114.202626545382
荃威花園,ALLWAY GARDEN,荃景圍195號,195 TSUEN KING CIRCUIT,新界西,NW,1978,1981,16,合和,HOPEWELL,室外泳池、兒童遊樂場 / 兒童遊戲室,Swimming Pool、Children Playground/Play Room,http://hk.centadata.com/ptest.aspx?type=2&code=QUVUQRCERQ&ref=OpenData,ALLWAY GARDEN,"荃威花園 Allway Gardens, 青衣 Tsing Yi, 光板田村 Kwong Pan Tin Village, 新界 New Territories, HK, 中国",22.37821505,114.103756384138
美景花園,MAYFAIR GARDENS,細山路2-16號,2-16 SAI SHAN ROAD,新界西,NW,1982,1984,8,新鴻基,SUN HUNG KAI,室外泳池、兒童遊樂場 / 兒童遊戲室、網球場、籃球場,Swimming Pool、Children Playground/Play Room、Tennis Court、Basketball Court,http://hk.centadata.com/ptest.aspx?type=2&code=QVSDFRCERR&ref=OpenData,MAYFAIR GARDENS,"2-16, 美景花園 Mayfair Gardens, 青衣 Tsing Yi, 鹽田角村 Yim Tin Kok Resite Village, 新界 New Territories, HK, 中国",22.34406385,114.107104725822
尚翹峰,THE ZENITH,皇道大道東258號,258 QUEEN'S ROAD EAST,香港,HK,2006,2006,3,華人置業/市建局,CHINESE ESTATES/URBAN RENEWAL AUTHORITY,室外泳池、兒童嬉水池、兒童遊樂場 / 兒童遊戲室、健身室、按摩池、乒乓球室、桌球室、卡拉OK室、燒烤場、音樂室、閱讀室 / 溫習室、電腦室、舞蹈室、麻雀房,Swimming Pool、Children's Pool、Children Playground/Play Room、Gymnasium、Jacuzzi、Table Tennis、Snooker Room、Karaoke Room、Barbecue Area、Music Room、Reading/Study Room、Computer Room、Dance Studio、Marjong,http://hk.centadata.com/ptest.aspx?type=3&code=SAPPWPPOPS&ref=OpenData,THE ZENITH,"258, 尚翹峰 The Zenith, 灣仔 Wan Chai, 灣仔區 Wan Chai District, 香港島 Hong Kong Island, HK, 0000, 中国",22.27498545,114.173717137727
鯉景灣,LEI KING WAN,太康街,TAI HONG STREET,香港,HK,1988,1989,17,太古,SWIRE,遊樂場 / 遊戲室、網球場,Playground/Playroom、Tennis Court,http://hk.centadata.com/ptest.aspx?type=3&code=SBABBPBXPD&ref=OpenData,LEI KING WAN,"鯉景灣 Lei King Wan, 西灣河 Sai Wan Ho, 東區 Eastern District, 香港島 Hong Kong Island, HK, 999077, 中国",22.28368075,114.223140565405
嘉亨灣,GRAND PROMENADE,太康街38號,38 TAI HONG STREET,香港,HK,2005,2005,5,恆基/中華煤氣,HENDERSON/TOWN GAS,室外泳池、兒童遊樂場 / 兒童遊戲室、健身室、按摩池、桑拿浴室、蒸氣浴室、乒乓球室、保齡球場、卡拉OK室、高爾夫球練習場、電腦室、浴足池 / 健足按摩室、緩跑徑、宴會廳、太極圈、美容中心、柔道 / 瑜伽練習室、香薰水療,Swimming Pool、Children Playground/Play Room、Gymnasium、Jacuzzi、Saunna Room、Steam Bath Room、Table Tennis、Bowling、Karaoke Room、Golf Driving Range、Computer Room、Foot Massage、Jogging Trail、Ball Room、Tai Chi Circle、Beauty Salon、Judo/Yoga Room、Arome Spa,http://hk.centadata.com/ptest.aspx?type=2&code=SBPPWPPEPD&ref=OpenData,GRAND PROMENADE,"嘉亨灣 Grand Promenade, 西灣河 Sai Wan Ho, 東區 Eastern District, 香港島 Hong Kong Island, HK, 999077, 中国",22.2850731,114.224660838003
康怡花園,KORNHILL,康愉街 43-45 號,43-45 HONG YUE STREET,香港,HK,1985,1987,32,恆隆/新世界/港鐵,HANG LUNG/NEW WORLD/MTR,室外泳池、遊樂場 / 遊戲室、健身室、壁球場、緩跑徑,Swimming Pool、Playground/Playroom、Gymnasium、Squash Court、Jogging Trail,http://hk.centadata.com/ptest.aspx?type=2&code=SBYYBPEVPG&ref=OpenData,KORNHILL,"康山 Kornhill, 東區 Eastern District, 香港島 Hong Kong Island, HK, 中国",22.2825515,114.2166966
置富花園,CHI FU FA YUEN,置富道 9 號,9 CHI FU ROAD,香港,HK,1978,1981,27,置地,HONG KONG LAND,室外泳池、遊樂場 / 遊戲室、網球場、保齡球場,Swimming Pool、Playground/Playroom、Tennis Court、Bowling,http://hk.centadata.com/ptest.aspx?type=2&code=SDDEPPPYSE&ref=OpenData,CHI FU FA YUEN,"置富 Chi Fu, 置富道 Chi Fu Road, 置富花園 Chi Fu Fa Yuen, 薄扶林 Pok Fu Lam, 水菜田村 Shui Choi Tin Village, 南區 Southern District, 香港島 Hong Kong Island, HK, 2F, 中国",22.2575143,114.1393093
海怡半島,SOUTH HORIZONS,海怡路 6 號,6 SOUTH HORIZON DRIVE,香港,HK,1991,1995,34,和記/長江/港燈,HUTCHISON WHAMPOA/CK HUTCHISON/HK ELECTRIC,室外泳池、遊樂場 / 遊戲室、健身室、按摩池、蒸氣浴室、乒乓球室、壁球場、網球場、羽毛球場、桌球室、高爾夫球練習場、閱讀室 / 溫習室、健康舞室,Swimming Pool、Playground/Playroom、Gymnasium、Jacuzzi、Steam Bath Room、Table Tennis、Squash Court、Tennis Court、Badminton Court、Snooker Room、Golf Driving Range、Reading/Study Room、Aerobic Studio,http://hk.centadata.com/ptest.aspx?type=3&code=SDDSGPWAPK&ref=OpenData,SOUTH HORIZONS,"海怡半島 South Horizons, 怡南路 Yi Nam Road, 鴨脷洲 Ap Lei Chau, 水菜田村 Shui Choi Tin Village, 南區 Southern District, 香港島 Hong Kong Island, HK, 2F, 中国",22.2427346,114.148822107091
貝沙灣,RESIDENCE BEL-AIR,數碼港道,CYBER PORT ROAD,香港,HK,2004,2008,77,電訊盈科/香港政府,PCCW/HK GOV,室外泳池、兒童嬉水池、兒童遊樂場 / 兒童遊戲室、健身室、按摩池、日光浴場、乒乓球室、網球場、桌球室、卡拉OK室、電影院、高爾夫球練習場、閱讀室 / 溫習室、圖書館、電腦室、宴會廳、美容中心、健康舞室、香薰水療,Swimming Pool、Children's Pool、Children Playground/Play Room、Gymnasium、Jacuzzi、Solarium、Table Tennis、Tennis Court、Snooker Room、Karaoke Room、Movie Theater、Golf Driving Range、Reading/Study Room、Library、Computer Room、Ball Room、Beauty Salon、Aerobic Studio、Arome Spa,http://hk.centadata.com/ptest.aspx?type=3&code=SDPPWPPHPS&ref=OpenData,RESIDENCE BEL-AIR,"貝沙灣 Residence Bel-Air, 薄扶林 Pok Fu Lam, 水菜田村 Shui Choi Tin Village, 南區 Southern District, 香港島 Hong Kong Island, HK, 2F, 中国",22.2581876,114.132376175913
深灣軒,SHAM WAN TOWERS,鴨利洲徑,AP LEI CHAU DRIVE,香港,HK,2004,2004,3,新鴻基,SUN HUNG KAI,室外泳池、兒童嬉水池、兒童遊樂場 / 兒童遊戲室、健身室、按摩池、蒸氣浴室、乒乓球室、桌球室、燒烤場、音樂室、閱讀室 / 溫習室、電腦室、太極圈、健康舞室,Swimming Pool、Children's Pool、Children Playground/Play Room、Gymnasium、Jacuzzi、Steam Bath Room、Table Tennis、Snooker Room、Barbecue Area、Music Room、Reading/Study Room、Computer Room、Tai Chi Circle、Aerobic Studio,http://hk.centadata.com/ptest.aspx?type=2&code=SDPPWPPJPK&ref=OpenData,SHAM WAN TOWERS,"3, 深灣軒 Sham Wan Towers, 鴨脷洲 Ap Lei Chau, 黃竹坑新圍 Wong Chuk Hang San Wai, 南區 Southern District, 香港島 Hong Kong Island, HK, 0000, 中国",22.2438618,114.158820196652
聚賢居,CENTRE STAGE,荷李活道108號,108 HOLLYWOOD ROAD,香港,HK,2006,2006,2,恆基,HENDERSON,室外泳池、健身室、按摩池,Swimming Pool、Gymnasium、Jacuzzi,http://hk.centadata.com/ptest.aspx?type=2&code=SEPPWPPAPE&ref=OpenData,CENTRE STAGE,"Centre Stage, River Street, Downtown, Greenville, Greenville County, South Carolina, 29601, United States of America",34.849546,-82.4024189
杏花村,HENG FA CHUEN,盛泰道 100 號,100 SHING TAI ROAD,香港,HK,1986,1989,48,港鐵/杏花發展,MTR/HANG FA CHUEN DEV,室外泳池、遊樂場 / 遊戲室、健身室、蒸氣浴室、壁球場、網球場、籃球場、羽毛球場、桌球室,Swimming Pool、Playground/Playroom、Gymnasium、Steam Bath Room、Squash Court、Tennis Court、Basketball Court、Badminton Court、Snooker Room,http://hk.centadata.com/ptest.aspx?type=2&code=SGKEPPGYPE&ref=OpenData,HENG FA CHUEN,"杏花邨 Heng Fa Chuen, 100, 盛泰道 Shing Tai Road, 柴灣 Chai Wan, 東區 Eastern District, 香港島 Hong Kong Island, HK, 999077, 中国",22.27664325,114.239772961432
藍灣半島,ISLAND RESORT,小西灣道28號,28 SIU SAI WAN ROAD,香港,HK,2001,2001,8,信和/維德集團/中銀香港,SINO GROUP/VICWOOD/BOC,室外泳池、兒童遊樂場 / 兒童遊戲室、健身室、桑拿浴室、乒乓球室、壁球場、網球場、籃球場、桌球室、保齡球場、燒烤場、音樂室、電腦室、健康舞室、麻雀房,Swimming Pool、Children Playground/Play Room、Gymnasium、Saunna Room、Table Tennis、Squash Court、Tennis Court、Basketball Court、Snooker Room、Bowling、Barbecue Area、Music Room、Computer Room、Aerobic Studio、Marjong,http://hk.centadata.com/ptest.aspx?type=2&code=SGPPWPPEPB&ref=OpenData,ISLAND RESORT,"藍灣半島 Island Resort, 小西灣 Siu Sai Wan, 東區 Eastern District, 香港島 Hong Kong Island, HK, 999077, 中国",22.2661719,114.250905346175
逸濤灣,LES SAISONS,太安街28號,28 TAI ON STREET,香港,HK,2001,2001,4,太古/新鴻基/中華汽車,SWIRE/SUN HUNG KAI/CMB,室外泳池、兒童嬉水池、兒童遊樂場 / 兒童遊戲室、健身室、桑拿浴室、乒乓球室、桌球室、高爾夫球練習場、音樂室、閱讀室 / 溫習室、健康舞室,Swimming Pool、Children's Pool、Children Playground/Play Room、Gymnasium、Saunna Room、Table Tennis、Snooker Room、Golf Driving Range、Music Room、Reading/Study Room、Aerobic Studio,http://hk.centadata.com/ptest.aspx?type=2&code=SGPPWPPEPS&ref=OpenData,LES SAISONS,"逸濤灣 Les Saisons, 西灣河 Sai Wan Ho, 東區 Eastern District, 香港島 Hong Kong Island, HK, 999077, 中国",22.28362295,114.224702952028
嘉雲臺,CAVENDISH HEIGHTS,白建時道 33 號,33 PERKINS ROAD,香港,HK,1986,1988,8,長實/港燈,CK HUTCHISON/HK ELECTRIC,,,http://hk.centadata.com/ptest.aspx?type=2&code=SKKGBPBSPW&ref=OpenData,CAVENDISH HEIGHTS,"33, 嘉雲臺 Cavendish Heights, 渣甸山 Jardine's Lookout, 灣仔區 Wan Chai District, 香港島 Hong Kong Island, HK, 0000, 中国",22.2704416,114.193129901502
禮頓山,THE LEIGHTON HILL,禮頓山園,1 LEIGHTON HILL ROAD,香港,HK,2002,2002,8,新鴻基,SUN HUNG KAI,室內泳池、室外泳池、兒童嬉水池、兒童遊樂場 / 兒童遊戲室、健身室、按摩池、桑拿浴室、蒸氣浴室、網球場、桌球室、宴會廳、多用途活動室,Indoor Swimming Pool、Swimming Pool、Children's Pool、Children Playground/Play Room、Gymnasium、Jacuzzi、Saunna Room、Steam Bath Room、Tennis Court、Snooker Room、Ball Room、Multi-purpose Room,http://hk.centadata.com/ptest.aspx?type=2&code=SKPPWPPJPK&ref=OpenData,THE LEIGHTON HILL,"Leighton Hill, Cumberland County, Maine, United States of America",43.7478572,-70.3319947
光明臺,ILLUMINATION TERRACE,大坑道 7 號,7 TAI HANG ROAD,香港,HK,1993,1993,2,新世界,NEW WORLD,兒童遊樂場 / 兒童遊戲室、桑拿浴室、乒乓球室、羽毛球場、桌球室、園林花園,Children Playground/Play Room、Saunna Room、Table Tennis、Badminton Court、Snooker Room、Landscape Garden,http://hk.centadata.com/ptest.aspx?type=2&code=SKYAWPBXPB&ref=OpenData,ILLUMINATION TERRACE,"光明臺 Illumination Terrace, 大坑道 Tai Hang Road, 天后 Tin Hau, 大坑 Tai Hang, 灣仔區 Wan Chai District, 香港島 Hong Kong Island, HK, 0000, 中国",22.2769749,114.1937244
寶翠園,THE BELCHER'S,薄扶林道89號,89 POK FU LAM ROAD,香港,HK,2000,2001,6,新鴻基/信德/新世界/廖創興,SUN HUNG KAI/SHUN TAK/NEW WORLD/ LIU CHONG HING,室內泳池、室外泳池、兒童遊樂場 / 兒童遊戲室、健身室、按摩池、桑拿浴室、蒸氣浴室、壁球場、網球場、籃球場、羽毛球場、桌球室、高爾夫球練習場、太極圈,Indoor Swimming Pool、Swimming Pool、Children Playground/Play Room、Gymnasium、Jacuzzi、Saunna Room、Steam Bath Room、Squash Court、Tennis Court、Basketball Court、Badminton Court、Snooker Room、Golf Driving Range、Tai Chi Circle,http://hk.centadata.com/ptest.aspx?type=3&code=SSPPWPPAPS&ref=OpenData,THE BELCHER'S,"89, 寶翠園 The Belcher's, 石塘咀 Shek Tong Tsui, 香港 Hong Kong, 中西區 Central and Western District, 香港島 Hong Kong Island, HK, 1F, 中国",22.2849703,114.133427225112
帝后華庭,QUEEN'S TERRACE,皇后街1號,1 QUEEN STREET,香港,HK,2003,2003,3,新世界/長江/市建局,NEW WORLD/CK HUTCHISON/URBAN RENEWAL AUTHORITY,兒童遊樂場 / 兒童遊戲室,Children Playground/Play Room,http://hk.centadata.com/ptest.aspx?type=2&code=SSPPWPPJPA&ref=OpenData,QUEEN'S TERRACE,"Queen's Terrace, Rosemount, Aberdeen, Aberdeen City, Scotland, AB10 1YJ, UK",57.1434019,-2.1204798
泓都,THE MERTON,堅尼地城新海旁街38號,38 NEW PRAYA KENNEDY TOWN,香港,HK,2004,2004,3,新世界/市建局,NEW WORLD/URBAN RENEWAL AUTHORITY,室外泳池、兒童遊樂場 / 兒童遊戲室、健身室、按摩池、日光浴場、桑拿浴室、蒸氣浴室、乒乓球室、桌球室、卡拉OK室、可養狗、音樂室、閱讀室 / 溫習室、電腦室、健康舞室、柔道 / 瑜伽練習室,Swimming Pool、Children Playground/Play Room、Gymnasium、Jacuzzi、Solarium、Saunna Room、Steam Bath Room、Table Tennis、Snooker Room、Karaoke Room、Pet Friendly、Music Room、Reading/Study Room、Computer Room、Aerobic Studio、Judo/Yoga Room,http://hk.centadata.com/ptest.aspx?type=2&code=SSPPWPPYPS&ref=OpenData,THE MERTON,"Merton, Oxon, South East, England, UK",51.8546355,-1.1648286
香港黃金海岸,HONG KONG GOLD COAST,青山公路青山灣1號,1 CASTLE PEAK ROAD,新界西,NW,1990,1995,30,信和,SINO GROUP,室外泳池、兒童遊樂場 / 兒童遊戲室、遊樂場 / 遊戲室、健身室、桑拿浴室、蒸氣浴室、乒乓球室、壁球場、網球場、桌球室、保齡球場、高爾夫球練習場、電腦室、緩跑徑,Swimming Pool、Children Playground/Play Room、Playground/Playroom、Gymnasium、Saunna Room、Steam Bath Room、Table Tennis、Squash Court、Tennis Court、Snooker Room、Bowling、Golf Driving Range、Computer Room、Jogging Trail,http://hk.centadata.com/ptest.aspx?type=2&code=SUQRFROHRD&ref=OpenData,HONG KONG GOLD COAST,"香港黃金海岸 Hong Kong Gold Coast, 青山公路－掃管笏段 Castle Peak Road – So Kwun Wat, 小欖 Siu Lam, 小秀村 Siu Sau Tsuen, 新界 New Territories, HK, 中国",22.3713465,113.9938232
香港仔中心,ABERDEEN CENTRE,南寧街 11 號,11 NAM NING STREET,香港,HK,1979,1982,20,和記黃埔,HUTCHISON WHAMPOA,壁球場,Squash Court,http://hk.centadata.com/ptest.aspx?type=2&code=TIXSIHNOHD&ref=OpenData,ABERDEEN CENTRE,"Aberdeen Centre, 4151, Hazelbridge Way, Golden Village, Richmond, Greater Vancouver Regional District, British Columbia, V6X, Canada",49.1837824,-123.133723635694
陽明山莊,HONG KONG PARKVIEW,大潭水塘道 88 號,88 TAI TAM RESERVOIR ROAD,香港,HK,1988,1989,18,陽明山莊地產,Tri-View Ltd?,室內泳池、兒童嬉水池、健身室、按摩池、桑拿浴室、蒸氣浴室、壁球場、網球場、燒烤場、高爾夫球練習場、宴會廳,Indoor Swimming Pool、Children's Pool、Gymnasium、Jacuzzi、Saunna Room、Steam Bath Room、Squash Court、Tennis Court、Barbecue Area、Golf Driving Range、Ball Room,http://hk.centadata.com/ptest.aspx?type=3&code=TLMLZHZXHZ&ref=OpenData,HONG KONG PARKVIEW,"陽明山莊 Hong Kong Parkview, 淺水灣 Repulse Bay, 黃竹坑舊圍 Wong Chuk Hang Kau Wai, 南區 Southern District, 香港島 Hong Kong Island, HK, 0000, 中国",22.2571668,114.199688275
城市花園,CITY GARDEN,電氣道 233 號,233 ELECTRIC ROAD,香港,HK,1982,1986,14,長江,CK HUTCHISON,室內泳池、兒童遊樂場 / 兒童遊戲室、健身室、桑拿浴室、壁球場,Indoor Swimming Pool、Children Playground/Play Room、Gymnasium、Saunna Room、Squash Court,http://hk.centadata.com/ptest.aspx?type=3&code=TNDTZHTRHT&ref=OpenData,CITY GARDEN,"城市花園 City Garden, 北角 North Point, 東區 Eastern District, 香港島 Hong Kong Island, HK, 0000, 中国",22.2906493,114.193899725067
和富中心,PROVIDENT CENTRE,和富道 37 號,37 WHARF ROAD,香港,HK,1982,1984,17,和記黃埔,HUTCHISON WHAMPOA,室外泳池、兒童遊樂場 / 兒童遊戲室,Swimming Pool、Children Playground/Play Room,http://hk.centadata.com/ptest.aspx?type=2&code=TNITZHLYHD&ref=OpenData,PROVIDENT CENTRE,"和富中心 Provident Centre, 北角 North Point, 東區 Eastern District, 香港島 Hong Kong Island, HK, 0000, 中国",22.2922669,114.196479200908
南豐新邨,NAN FUNG SUN CHUEN,基利坊 21 號,21 GREIG CRESCENT,香港,HK,1977,1978,12,南豐,NAN FUNG,遊樂場 / 遊戲室、籃球場、羽毛球場,Playground/Playroom、Basketball Court、Badminton Court,http://hk.centadata.com/ptest.aspx?type=2&code=TNTLTHHXHX&ref=OpenData,NAN FUNG SUN CHUEN,"南豐新邨 Nan Fung Sun Chuen, 鰂魚涌 Quarry Bay, 東區 Eastern District, 香港島 Hong Kong Island, HK, 999077, 中国",22.2820863,114.214162510716
翰林軒,UNIVERSITY HEIGHTS,蒲飛路 23 號,23 POKFIELD ROAD,香港,HK,1996,1996,2,匯豐/長江,HSBC/CK HUTCHISON,室外泳池、桑拿浴室、緩跑徑、園林花園,Swimming Pool、Saunna Room、Jogging Trail、Landscape Garden,http://hk.centadata.com/ptest.aspx?type=2&code=TTXNZHIXHT&ref=OpenData,UNIVERSITY HEIGHTS,"University Heights, Calgary, Alberta, Canada",51.0707401,-114.1372307
嘉富麗苑,CLOVELLY COURT,梅道 12 號,12 MAY ROAD,香港,HK,1994,1994,2,新世界,NEW WORLD,,,http://hk.centadata.com/ptest.aspx?type=2&code=TZHNTHDXHM&ref=OpenData,CLOVELLY COURT,"Clovelly Court, Cricklewood, London Borough of Brent, London, Greater London, England, NW2 4RT, UK",51.551961,-0.2213068
地利根德閣,TREGUNTER,地利根德里 14 號,14 TREGUNTER PATH,香港,HK,1981,1993,3,嘉里,KERRY,室外泳池、兒童遊樂場 / 兒童遊戲室、健身室、按摩池、桑拿浴室、壁球場、網球場、宴會廳,Swimming Pool、Children Playground/Play Room、Gymnasium、Jacuzzi、Saunna Room、Squash Court、Tennis Court、Ball Room,http://hk.centadata.com/ptest.aspx?type=2&code=TZHNZHLAHM&ref=OpenData,TREGUNTER,"Tregunter Estate, Royal Borough of Kensington and Chelsea, London, Greater London, England, UK",51.4856522,-0.1885704
帝景園,DYNASTY COURT,舊山頂道 17-23 號,17-23 OLD PEAK ROAD,香港,HK,1991,1991,5,新鴻基,SUN HUNG KAI,室外泳池、兒童遊樂場 / 兒童遊戲室、蒸氣浴室、乒乓球室、壁球場、網球場、桌球室、高爾夫球練習場、健康舞室、電腦哥爾夫球練習室,Swimming Pool、Children Playground/Play Room、Steam Bath Room、Table Tennis、Squash Court、Tennis Court、Snooker Room、Golf Driving Range、Aerobic Studio、Golf Simulator,http://hk.centadata.com/ptest.aspx?type=2&code=TZLSZHZHHM&ref=OpenData,DYNASTY COURT,"帝景園 Dynasty Court, 中環 Central, 香港 Hong Kong, 中西區 Central and Western District, 香港島 Hong Kong Island, HK, 2F, 中国",22.27558315,114.152832138165
雍景臺,ROBINSON PLACE,羅便臣道 70 號,70 ROBINSON ROAD,香港,HK,1994,1994,2,太古,SWIRE,室外泳池、健身室、壁球場、網球場,Swimming Pool、Gymnasium、Squash Court、Tennis Court,http://hk.centadata.com/ptest.aspx?type=2&code=TZMNIHIXHM&ref=OpenData,ROBINSON PLACE,"Robinson Place, Moffat County, Colorado, United States of America",40.4057986,-108.9859505
得寶花園,TAK BO GARDEN,牛頭角道3號,3 NGAU TAU KOK ROAD,九龍,KL,1984,1984,8,恆基,HENDERSON,室外泳池、遊樂場 / 遊戲室,Swimming Pool、Playground/Playroom,http://hk.centadata.com/ptest.aspx?type=2&code=UCROURFHRO&ref=OpenData,TAK BO GARDEN,"得寶花園 Tak Bo Garden, 機場山, 觀塘區 Kwun Tong District, 九龍 Kowloon, HK, 852, 中国",22.3269679,114.214416929811
美孚新村,MEI FOO SUN CHUEN,百老匯街22-24號,22-24 BROADWAY,九龍,KL,1968,1978,99,新世界/美孚企業,NEW WORLD/MEI FOO INV,室外泳池、兒童遊樂場 / 兒童遊戲室、遊樂場 / 遊戲室、健身室、乒乓球室、網球場、籃球場、保齡球場、電影院、緩跑徑,Swimming Pool、Children Playground/Play Room、Playground/Playroom、Gymnasium、Table Tennis、Tennis Court、Basketball Court、Bowling、Movie Theater、Jogging Trail,http://hk.centadata.com/ptest.aspx?type=3&code=UDDCFRDSRR&ref=OpenData,MEI FOO SUN CHUEN,"美孚 Mei Foo, 萬事達廣場 Mount Sterling Mall, 美孚新邨第六期 Mei Foo Sun Chuen Phase 6, 荔枝角 Lai Chi Kok, 深水埗區 Sham Shui Po District, 九龍 Kowloon, HK, 中国",22.3375366,114.139860850299
又一居,PARC OASIS,瑰麗路21號,21 GRANDEUR ROAD,九龍,KL,1992,1995,32,會德豐/信和,WHEELOCK/SINO,室外泳池、兒童遊樂場 / 兒童遊戲室、健身室、桑拿浴室、乒乓球室、壁球場、網球場、閱讀室 / 溫習室、宴會廳,Swimming Pool、Children Playground/Play Room、Gymnasium、Saunna Room、Table Tennis、Squash Court、Tennis Court、Reading/Study Room、Ball Room,http://hk.centadata.com/ptest.aspx?type=2&code=UDSQURJHRF&ref=OpenData,PARC OASIS,"又一居 Parc Oasis, 又一村 Yau Yat Chuen, 深水埗區 Sham Shui Po District, 九龍 Kowloon, HK, 852, 中国",22.3340792,114.174706692719
大興花園,TAI HING GARDENS,震寰路11號,11 TSUN WEN ROAD,新界西,NW,1989,1994,15,大興紡織/恆隆,TAI HING COTTON MILL/HANG LUNG,室外泳池、遊樂場 / 遊戲室、蒸氣浴室、壁球場、羽毛球場、高爾夫球練習場,Swimming Pool、Playground/Playroom、Steam Bath Room、Squash Court、Badminton Court、Golf Driving Range,http://hk.centadata.com/ptest.aspx?type=3&code=VCDOURFSRO&ref=OpenData,TAI HING GARDENS,"Tai Hing, 7, Kirkkokatu, Hovinsaari, Kotka, Kotkan–Haminan seutukunta, Kymenlaakso, Etelä-Suomi, 48100, Suomi",60.4666225,26.9434846
新元朗中心,SUN YUEN LONG CENTRE,朗日路8號,8 LONG YAT ROAD,新界西,NW,1993,1993,5,新鴻基/港鐵,SUN HUNG KAI/MTR,室外泳池、兒童嬉水池、兒童遊樂場 / 兒童遊戲室、網球場、屋苑停車場、平台花園,Swimming Pool、Children's Pool、Children Playground/Play Room、Tennis Court、Car Park、Terrence Garden,http://hk.centadata.com/ptest.aspx?type=2&code=VCFCFRVJRV&ref=OpenData,SUN YUEN LONG CENTRE,"8, 新元朗中心 Sun Yuen Long Centre, 十八鄉 Shap Pat Heung, 英龍圍 Ying Lung Wai, 新界 New Territories, HK, 00852, 中国",22.4453215,114.035134860583
花都廣場,FLORA PLAZA,百和路88號,88 PAK WO ROAD,新界東,NE,1995,1995,10,恆基/華懋,HENDERSON/CHINACHEM,室外泳池、遊樂場 / 遊戲室、健身室、蒸氣浴室、壁球場、網球場,Swimming Pool、Playground/Playroom、Gymnasium、Steam Bath Room、Squash Court、Tennis Court,http://hk.centadata.com/ptest.aspx?type=2&code=VJOVQRSERQ&ref=OpenData,FLORA PLAZA,"花都廣場 Flora Plaza, 和合石 Wo Hop Shek, 和興村 Wo Hing Tsuen, 新界 New Territories, HK, 中国",22.4853071,114.14157656592
上水中心,SHEUNG SHUI CENTRE,智昌路3號,3 CHI CHEONG ROAD,新界東,NE,1993,1993,6,恆基,HENDERSON,室外泳池、兒童嬉水池、兒童遊樂場 / 兒童遊戲室、網球場,Swimming Pool、Children's Pool、Children Playground/Play Room、Tennis Court,http://hk.centadata.com/ptest.aspx?type=2&code=VJURURFRRQ&ref=OpenData,SHEUNG SHUI CENTRE,"3, 上水中心 Sheung Shui Centre, 聯和墟 Luen Wo Hui, 上水 Sheung Shui, 新界 New Territories, HK, 中国",22.50099095,114.130005357327
嘉湖山莊,KINGSWOOD VILLAS,天湖路1號,1 TIN WU ROAD,新界西,NW,1991,1997,58,長江,CK HUTCHISON,室內泳池、室外泳池、兒童遊樂場 / 兒童遊戲室、遊樂場 / 遊戲室、健身室、桑拿浴室、蒸氣浴室、乒乓球室、壁球場、網球場、桌球室、保齡球場、燒烤場、閱讀室 / 溫習室、宴會廳、太極圈、舞蹈室、麻雀房,Indoor Swimming Pool、Swimming Pool、Children Playground/Play Room、Playground/Playroom、Gymnasium、Saunna Room、Steam Bath Room、Table Tennis、Squash Court、Tennis Court、Snooker Room、Bowling、Barbecue Area、Reading/Study Room、Ball Room、Tai Chi Circle、Dance Studio、Marjong,http://hk.centadata.com/ptest.aspx?type=3&code=VOOFFRFARR&ref=OpenData,KINGSWOOD VILLAS,"Kingswood Villas, New Bern, Craven County, North Carolina, 25862, United States of America",35.119858,-77.0827959
映灣園,CARIBBEAN COAST,文東路,MAN TUNG ROAD,新界西,NW,2002,2011,69,長江/和記/港鐵,CK HUTCHISON/HUTCHISN WHAMPOA/MTR,室內泳池、室外泳池、兒童嬉水池、兒童遊樂場 / 兒童遊戲室、健身室、按摩池、桑拿浴室、蒸氣浴室、乒乓球室、壁球場、網球場、籃球場、桌球室、保齡球場、卡拉OK室、燒烤場、沙灘排球場、高爾夫球練習場、音樂室、閱讀室 / 溫習室、電腦室、浴足池 / 健足按摩室、緩跑徑、宴會廳、迷你酒吧、攀石練習場、太極圈、美容中心、健康舞室、模型賽車,Indoor Swimming Pool、Swimming Pool、Children's Pool、Children Playground/Play Room、Gymnasium、Jacuzzi、Saunna Room、Steam Bath Room、Table Tennis、Squash Court、Tennis Court、Basketball Court、Snooker Room、Bowling、Karaoke Room、Barbecue Area、Beach Volleyball Court、Golf Driving Range、Music Room、Reading/Study Room、Computer Room、Foot Massage、Jogging Trail、Ball Room、Mnin Bar、Rock Climbing、Tai Chi Circle、Beauty Salon、Aerobic Studio、Model Car Racing,http://hk.centadata.com/ptest.aspx?type=3&code=WBPPWPPEPP&ref=OpenData,CARIBBEAN COAST,"映灣園 Caribbean Coast, 東涌 Tung Chung, 新界 New Territories, HK, 中国",22.29235815,113.949002627869
藍天海岸,COASTAL SKYLINE,海濱路12號,12 TUNG CHUNG WATERFRONT ROAD,新界西,NW,2005,2007,54,香港興業/港鐵及其他,HKR INTERNATIONAL/MTR & OTHERS,室內泳池、室外泳池、兒童嬉水池、兒童遊樂場 / 兒童遊戲室、健身室、按摩池、日光浴場、桑拿浴室、蒸氣浴室、乒乓球室、壁球場、網球場、籃球場、羽毛球場、保齡球場、卡拉OK室、燒烤場、音樂室、閱讀室 / 溫習室、圖書館、緩跑徑、宴會廳、健康舞室,Indoor Swimming Pool、Swimming Pool、Children's Pool、Children Playground/Play Room、Gymnasium、Jacuzzi、Solarium、Saunna Room、Steam Bath Room、Table Tennis、Squash Court、Tennis Court、Basketball Court、Badminton Court、Bowling、Karaoke Room、Barbecue Area、Music Room、Reading/Study Room、Library、Jogging Trail、Ball Room、Aerobic Studio,http://hk.centadata.com/ptest.aspx?type=3&code=WBPPWPPHPP&ref=OpenData,COASTAL SKYLINE,"藍天海岸 Coastal Skyline, 東涌 Tung Chung, 新界 New Territories, HK, 中国",22.2919209,113.945733533838
珀麗灣,PARK ISLAND,珀麗路8號,8 PAK LAI ROAD,新界西,NW,2002,2009,31,新鴻基,SUN HUNG KAI,室內泳池、室外泳池、兒童嬉水池、兒童遊樂場 / 兒童遊戲室、健身室、按摩池、桑拿浴室、蒸氣浴室、壁球場、網球場、籃球場、羽毛球場、桌球室、保齡球場、燒烤場、可養狗、高爾夫球練習場、音樂室、閱讀室 / 溫習室、圖書館、電腦室、宴會廳、美容中心、舞蹈室、香薰水療,Indoor Swimming Pool、Swimming Pool、Children's Pool、Children Playground/Play Room、Gymnasium、Jacuzzi、Saunna Room、Steam Bath Room、Squash Court、Tennis Court、Basketball Court、Badminton Court、Snooker Room、Bowling、Barbecue Area、Pet Friendly、Golf Driving Range、Music Room、Reading/Study Room、Library、Computer Room、Ball Room、Beauty Salon、Dance Studio、Arome Spa,http://hk.centadata.com/ptest.aspx?type=3&code=WDPPWPPEPB&ref=OpenData,PARK ISLAND,"Park Island, Cascade County, Montana, United States of America",47.4829809,-111.315381878326
沙田中心,SHATIN CENTRE,橫壆街2-16號,2-16 WANG POK STREET,新界東,NE,1981,1981,8,恆基,HENDERSON,室外泳池、兒童遊樂場 / 兒童遊戲室、羽毛球場,Swimming Pool、Children Playground/Play Room、Badminton Court,http://hk.centadata.com/ptest.aspx?type=2&code=XSDTIHLYHT&ref=OpenData,SHATIN CENTRE,"沙田第一城 City One Shatin, 圓洲角 Yuen Chau Kok, 沙田 Sha Tin, 新界 New Territories, HK, 00000, 中国",22.38661755,114.203511767598
沙田第一城,CITY ONE SHATIN,得利街4號,4 TAK LEE STREET,新界東,NE,1980,1987,52,長江/新鴻基/新世界/恆基,CK HUTCHISON/SUN HUNG KAI/NEW WORLD/HENDERSON,室外泳池、兒童遊樂場 / 兒童遊戲室、健身室、壁球場、網球場、籃球場,Swimming Pool、Children Playground/Play Room、Gymnasium、Squash Court、Tennis Court、Basketball Court,http://hk.centadata.com/ptest.aspx?type=3&code=XSHNIHSXHT&ref=OpenData,CITY ONE SHATIN,"沙田第一城 City One Shatin, 圓洲角 Yuen Chau Kok, 沙田 Sha Tin, 新界 New Territories, HK, 00000, 中国",22.38661755,114.203511767598
新港城,SUNSHINE CITY,鞍誠街18號,18 ON SHING STREET,新界東,NE,1993,1996,20,恆基,HENDERSON,室外泳池、遊樂場 / 遊戲室、健身室、蒸氣浴室、壁球場、網球場、高爾夫球練習場,Swimming Pool、Playground/Playroom、Gymnasium、Steam Bath Room、Squash Court、Tennis Court、Golf Driving Range,http://hk.centadata.com/ptest.aspx?type=3&code=XSHNIHZXHN&ref=OpenData,SUNSHINE CITY,"Sunshine City, 3-1-1, サンシャイン60通り, 豊島区, 東京都, 170-0013, 日本",35.72868745,139.719627680615
銀禧花園,JUBILEE GARDEN,樂景街2-18號,2-18 LOK KING STREET,新界東,NE,1985,1986,9,長江,CK HUTCHISON,室外泳池、遊樂場 / 遊戲室、桑拿浴室、乒乓球室、網球場、籃球場,Swimming Pool、Playground/Playroom、Saunna Room、Table Tennis、Tennis Court、Basketball Court,http://hk.centadata.com/ptest.aspx?type=2&code=XSHSTHZHHT&ref=OpenData,JUBILEE GARDEN,"Jubilee Gardens, The Bahamas",25.0316577,-77.3974638486994
馬鞍山中心,MA ON SHAN CENTRE,鞍駿街1號,1 ON CHUN STREET,新界東,NE,1994,1994,4,南豐,NAN FUNG,室外泳池、健身室,Swimming Pool、Gymnasium,http://hk.centadata.com/ptest.aspx?type=2&code=XSSHIHXHHN&ref=OpenData,MA ON SHAN CENTRE,"1, 馬鞍山中心 Ma On Shan Centre, 烏溪沙 Wu Kai Sha, 馬鞍山 Ma On Shan, 新界 New Territories, HK, 00000, 中国",22.42584475,114.233066459538
雅典居,VILLA ATHENA,西沙路600號,600 SAI SHA ROAD,新界東,NE,1994,1994,10,新鴻基,SUN HUNG KAI,室外泳池、兒童遊樂場 / 兒童遊戲室、健身室、桑拿浴室、網球場、屋苑停車場,Swimming Pool、Children Playground/Play Room、Gymnasium、Saunna Room、Tennis Court、Car Park,http://hk.centadata.com/ptest.aspx?type=2&code=XSTNTHIOHN&ref=OpenData,VILLA ATHENA,"600, 雅典居 Villa Athena, 烏溪沙 Wu Kai Sha, 烏溪沙青年新村 Wu Kai Sha Youth Village, 新界 New Territories, HK, 中国",22.42652545,114.237831163334
維景灣畔,OCEAN SHORES,澳景路88號,88 O KING ROAD,九龍,KL,2000,2003,15,太古/新鴻基,SWIRE/SUN HUNG KAI,室外泳池、兒童嬉水池、兒童遊樂場 / 兒童遊戲室、健身室、按摩池、日光浴場、桑拿浴室、蒸氣浴室、壁球場、網球場、桌球室、保齡球場、高爾夫球練習場、圖書館、健康舞室、電腦哥爾夫球練習室,Swimming Pool、Children's Pool、Children Playground/Play Room、Gymnasium、Jacuzzi、Solarium、Saunna Room、Steam Bath Room、Squash Court、Tennis Court、Snooker Room、Bowling、Golf Driving Range、Library、Aerobic Studio、Golf Simulator,http://hk.centadata.com/ptest.aspx?type=3&code=YAPPWPPEPA&ref=OpenData,OCEAN SHORES,"Ocean Shores, Grays Harbor County, Washington, United States of America",46.973703,-124.1562769
新都城,THE METRO CITY,貿業路8號,8 MAU YIP ROAD,九龍,KL,1996,2000,21,恆基,HENDERSON LAND,室內泳池、室外泳池、兒童遊樂場 / 兒童遊戲室、健身室、按摩池、桑拿浴室、蒸氣浴室、乒乓球室、壁球場、網球場、桌球室、保齡球場、卡拉OK室、可養狗、音樂室、宴會廳、迷你酒吧、太極圈、舞蹈室、電腦哥爾夫球練習室,Indoor Swimming Pool、Swimming Pool、Children Playground/Play Room、Gymnasium、Jacuzzi、Saunna Room、Steam Bath Room、Table Tennis、Squash Court、Tennis Court、Snooker Room、Bowling、Karaoke Room、Pet Friendly、Music Room、Ball Room、Mnin Bar、Tai Chi Circle、Dance Studio、Golf Simulator,http://hk.centadata.com/ptest.aspx?type=3&code=YAPPWPPEPG&ref=OpenData,THE METRO CITY,"Metro City, Civil Lines, Lucknow, Uttar Pradesh, 226006, India",26.8652314,80.9605985908568
將軍澳中心,PARK CENTRAL,唐德街,9 TONG TAK STREET,九龍,KL,2002,2005,12,新鴻基地產/恆基兆業/華懋/南豐/港鐵,SUN HUNG KAI/HENDERSON LAND/CHINACHEM/NAN FUNG/MTR,室內泳池、室外泳池、兒童嬉水池、兒童遊樂場 / 兒童遊戲室、健身室、按摩池、桑拿浴室、蒸氣浴室、乒乓球室、壁球場、網球場、桌球室、保齡球場、燒烤場、音樂室、閱讀室 / 溫習室、電腦室、宴會廳、健康舞室,Indoor Swimming Pool、Swimming Pool、Children's Pool、Children Playground/Play Room、Gymnasium、Jacuzzi、Saunna Room、Steam Bath Room、Table Tennis、Squash Court、Tennis Court、Snooker Room、Bowling、Barbecue Area、Music Room、Reading/Study Room、Computer Room、Ball Room、Aerobic Studio,http://hk.centadata.com/ptest.aspx?type=3&code=YAPPWPPEPY&ref=OpenData,PARK CENTRAL,"9, 將軍澳中心 Park Central, 將軍澳市中心 Tseung Kwan O Town Centre, 將軍澳 Tseung Kwan O, 新界 New Territories, HK, 中国",22.30710635,114.257191870074
